Tidspunkt,Temperatur (°C),Vindhastighet (km/t),Trykk,Nedbør (mm)
2025-01-16 00:00,5.7,21.6,1014.0,1.09
2025-01-16 01:00,6.9,28.4,1014.0,0.12
2025-01-16 02:00,6.8,26.6,1015.0,0.03
2025-01-16 03:00,6.4,22.0,1015.0,0.01
2025-01-16 04:00,6.7,20.9,1015.0,0.01
2025-01-16 05:00,7.1,18.7,1015.0,0.01
2025-01-16 06:00,6.3,13.0,1015.0,0.03
2025-01-16 07:00,5.1,9.0,1015.0,0.0
2025-01-16 08:00,5.0,7.9,1015.0,0.0
2025-01-16 09:00,5.0,8.3,1015.0,0.02
2025-01-16 10:00,4.8,8.6,1015.0,0.01
2025-01-16 11:00,4.7,9.4,1016.0,0.11
2025-01-16 12:00,6.2,16.6,1016.0,0.13
2025-01-16 13:00,7.0,20.5,1016.0,0.13
2025-01-16 14:00,6.8,18.4,1017.0,0.02
2025-01-16 15:00,6.5,14.4,1018.0,0.04
2025-01-16 16:00,4.8,4.0,1018.0,0.07
2025-01-16 17:00,4.3,4.7,1019.0,0.27
2025-01-16 18:00,4.3,6.5,1019.0,0.1
2025-01-16 19:00,4.1,6.8,1019.0,0.08
2025-01-16 20:00,4.1,7.2,1019.0,0.05
2025-01-16 21:00,4.0,6.8,1019.0,0.03
2025-01-16 22:00,3.7,6.5,1019.0,0.0
2025-01-16 23:00,3.7,7.2,1019.0,0.01
2025-01-17 00:00,3.4,8.3,1016.0,0.4
2025-01-17 01:00,3.3,8.3,1016.0,0.14
2025-01-17 02:00,3.5,9.0,1016.0,0.0
2025-01-17 03:00,3.7,9.0,1016.0,0.05
2025-01-17 04:00,3.2,8.6,1016.0,0.0
2025-01-17 05:00,2.4,8.6,1016.0,0.02
2025-01-17 06:00,2.5,8.3,1015.0,0.0
2025-01-17 07:00,2.4,7.6,1015.0,0.14
2025-01-17 08:00,2.3,7.6,1014.0,0.03
2025-01-17 09:00,2.3,8.6,1014.0,0.0
2025-01-17 10:00,2.1,7.6,1013.0,0.0
2025-01-17 11:00,2.2,5.8,1013.0,0.0
2025-01-17 12:00,2.5,7.2,1013.0,0.0
2025-01-17 13:00,2.8,6.5,1013.0,0.02
2025-01-17 14:00,3.8,6.8,1012.0,0.0
2025-01-17 15:00,5.0,7.9,1012.0,0.02
2025-01-17 16:00,6.6,16.6,1013.0,0.0
2025-01-17 17:00,7.4,33.8,1015.0,0.06
2025-01-17 18:00,6.3,37.1,1016.0,0.03
2025-01-17 19:00,5.7,36.7,1017.0,0.01
2025-01-17 20:00,5.7,32.4,1018.0,0.0
2025-01-17 21:00,5.6,28.4,1019.0,0.0
2025-01-17 22:00,5.0,25.2,1019.0,0.01
2025-01-17 23:00,4.7,19.8,1021.0,0.02
2025-01-18 00:00,3.4,31.3,1022.0,0.0
2025-01-18 01:00,3.3,22.0,1023.0,0.0
2025-01-18 02:00,3.0,15.8,1024.0,0.0
2025-01-18 03:00,2.7,13.0,1024.0,0.0
2025-01-18 04:00,2.8,10.4,1025.0,0.01
2025-01-18 05:00,2.5,5.8,1025.0,0.03
2025-01-18 06:00,2.2,5.0,1024.0,0.02
2025-01-18 07:00,2.0,6.8,1022.0,0.0
2025-01-18 08:00,2.0,6.8,1021.0,0.0
2025-01-18 09:00,2.1,6.1,1021.0,0.05
2025-01-18 10:00,2.3,6.8,1020.0,0.13
2025-01-18 11:00,2.5,4.7,1019.0,0.13
2025-01-18 12:00,2.7,3.6,1019.0,0.0
2025-01-18 13:00,3.0,5.4,1018.0,0.0
2025-01-18 14:00,3.4,7.6,1017.0,0.0
2025-01-18 15:00,2.6,8.6,1017.0,0.0
2025-01-18 16:00,2.3,7.9,1017.0,0.0
2025-01-18 17:00,2.1,7.9,1017.0,0.0
2025-01-18 18:00,2.1,6.5,1017.0,0.0
2025-01-18 19:00,1.9,7.6,1017.0,0.0
2025-01-18 20:00,1.9,7.9,1017.0,0.0
2025-01-18 21:00,1.9,7.6,1017.0,0.0
2025-01-18 22:00,2.1,7.2,1017.0,0.0
2025-01-18 23:00,2.1,7.9,1017.0,0.0
2025-01-19 00:00,0.1,5.4,1018.0,0.0
2025-01-19 01:00,0.1,5.4,1018.0,0.0
2025-01-19 02:00,-0.0,5.0,1018.0,0.0
2025-01-19 03:00,-0.3,4.3,1018.0,0.0
2025-01-19 04:00,-0.4,4.3,1018.0,0.0
2025-01-19 05:00,-0.4,5.4,1018.0,0.0
2025-01-19 06:00,0.0,6.1,1018.0,0.0
2025-01-19 07:00,0.2,6.1,1018.0,0.0
2025-01-19 08:00,0.2,6.1,1018.0,0.0
2025-01-19 09:00,-0.1,7.6,1018.0,0.0
2025-01-19 10:00,0.1,7.6,1018.0,0.0
2025-01-19 11:00,0.6,6.8,1018.0,0.0
2025-01-19 12:00,1.4,6.5,1018.0,0.0
2025-01-19 13:00,1.7,6.1,1018.0,0.0
2025-01-19 14:00,1.6,6.5,1018.0,0.0
2025-01-19 15:00,1.0,6.8,1019.0,0.0
2025-01-19 16:00,0.8,7.6,1019.0,0.0
2025-01-19 17:00,0.9,7.6,1019.0,0.01
2025-01-19 18:00,1.1,7.6,1019.0,0.01
2025-01-19 19:00,1.7,7.6,1019.0,0.0
2025-01-19 20:00,1.4,7.6,1019.0,0.0
2025-01-19 21:00,1.1,7.6,1019.0,0.0
2025-01-19 22:00,1.3,7.6,1019.0,0.0
2025-01-19 23:00,1.4,6.8,1019.0,0.0
2025-01-20 00:00,0.6,5.8,1024.0,0.0
2025-01-20 01:00,0.3,6.5,1024.0,0.0
2025-01-20 02:00,0.1,6.5,1024.0,0.0
2025-01-20 03:00,0.3,8.3,1023.0,0.0
2025-01-20 04:00,0.5,9.0,1022.0,0.0
2025-01-20 05:00,0.2,8.3,1022.0,0.0
2025-01-20 06:00,0.5,7.6,1021.0,0.0
2025-01-20 07:00,0.7,7.6,1020.0,0.0
2025-01-20 08:00,0.7,6.5,1020.0,0.0
2025-01-20 09:00,0.8,6.8,1019.0,0.0
2025-01-20 10:00,0.7,6.1,1018.0,0.0
2025-01-20 11:00,1.0,6.5,1018.0,0.0
2025-01-20 12:00,1.7,6.8,1017.0,0.0
2025-01-20 13:00,1.8,7.6,1016.0,0.0
2025-01-20 14:00,1.2,7.6,1016.0,0.0
2025-01-20 15:00,0.6,6.5,1015.0,0.0
2025-01-20 16:00,0.4,6.1,1016.0,0.0
2025-01-20 17:00,-0.3,5.0,1015.0,0.0
2025-01-20 18:00,-0.6,5.4,1015.0,0.0
2025-01-20 19:00,-0.4,5.0,1015.0,0.0
2025-01-20 20:00,-0.3,5.0,1015.0,0.0
2025-01-20 21:00,-0.3,5.0,1015.0,0.0
2025-01-20 22:00,-0.3,5.0,1015.0,0.0
2025-01-20 23:00,-0.4,5.8,1014.0,0.0
2025-01-21 00:00,-0.7,3.2,1014.0,0.0
2025-01-21 01:00,-0.8,3.2,1013.0,0.0
2025-01-21 02:00,-1.6,2.9,1013.0,0.0
2025-01-21 03:00,-2.0,3.6,1012.0,0.0
2025-01-21 04:00,-2.0,4.3,1012.0,0.0
2025-01-21 05:00,-2.2,4.0,1011.0,0.0
2025-01-21 06:00,-2.1,4.0,1011.0,0.0
2025-01-21 07:00,-2.2,4.3,1011.0,0.0
2025-01-21 08:00,-2.1,4.0,1010.0,0.0
2025-01-21 09:00,-1.9,4.3,1010.0,0.0
2025-01-21 10:00,-1.7,4.3,1010.0,0.0
2025-01-21 11:00,-1.3,4.3,1010.0,0.0
2025-01-21 12:00,-0.9,4.3,1010.0,0.0
2025-01-21 13:00,-0.7,4.3,1009.0,0.0
2025-01-21 14:00,-0.8,5.0,1009.0,0.01
2025-01-21 15:00,-1.3,5.8,1009.0,0.09
2025-01-21 16:00,-1.6,6.1,1009.0,0.11
2025-01-21 17:00,-1.4,6.1,1009.0,0.05
2025-01-21 18:00,-1.6,6.5,1009.0,0.18
2025-01-21 19:00,-1.7,7.2,1009.0,0.21
2025-01-21 20:00,-2.0,7.6,1009.0,0.24
2025-01-21 21:00,-2.4,7.9,1009.0,0.23
2025-01-21 22:00,-2.6,7.6,1009.0,0.16
2025-01-21 23:00,-2.9,7.9,1009.0,0.09
2025-01-22 00:00,-2.8,8.6,1008.0,0.05
2025-01-22 01:00,-3.0,7.9,1008.0,0.09
2025-01-22 02:00,-3.2,7.9,1008.0,0.04
2025-01-22 03:00,-3.3,7.6,1008.0,0.01
2025-01-22 04:00,-3.7,7.6,1007.0,0.0
2025-01-22 05:00,-3.9,7.6,1007.0,0.0
2025-01-22 06:00,-3.9,7.6,1007.0,0.0
2025-01-22 07:00,-4.0,7.6,1007.0,0.0
2025-01-22 08:00,-4.1,7.6,1008.0,0.0
2025-01-22 09:00,-4.1,7.2,1008.0,0.0
2025-01-22 10:00,-4.2,7.2,1008.0,0.0
2025-01-22 11:00,-4.0,7.2,1008.0,0.0
2025-01-22 12:00,-3.7,6.5,1008.0,0.0
2025-01-22 13:00,-3.6,6.8,1008.0,0.01
2025-01-22 14:00,-4.0,6.8,1008.0,0.07
2025-01-22 15:00,-4.2,6.8,1008.0,0.03
2025-01-22 16:00,-4.3,5.8,1008.0,0.01
2025-01-22 17:00,-4.9,5.8,1008.0,0.0
2025-01-22 18:00,-5.5,5.8,1008.0,0.0
2025-01-22 19:00,-5.9,6.1,1008.0,0.0
2025-01-22 20:00,-6.2,6.1,1008.0,0.0
2025-01-22 21:00,-6.3,6.1,1008.0,0.0
2025-01-22 22:00,-6.5,6.1,1007.0,0.0
2025-01-22 23:00,-6.7,5.8,1007.0,0.0
2025-01-23 00:00,-7.1,4.7,1007.0,0.0
2025-01-23 01:00,-7.2,5.0,1006.0,0.0
2025-01-23 02:00,-7.7,4.7,1006.0,0.0
2025-01-23 03:00,-8.0,4.7,1006.0,0.0
2025-01-23 04:00,-8.1,5.4,1005.0,0.0
2025-01-23 05:00,-8.3,5.0,1004.0,0.0
2025-01-23 06:00,-8.5,5.4,1004.0,0.0
2025-01-23 07:00,-8.6,5.0,1003.0,0.0
2025-01-23 08:00,-8.7,5.4,1003.0,0.0
2025-01-23 09:00,-8.8,6.1,1003.0,0.0
2025-01-23 10:00,-8.7,5.8,1002.0,0.0
2025-01-23 11:00,-7.9,5.8,1001.0,0.0
2025-01-23 12:00,-7.2,6.5,1000.0,0.0
2025-01-23 13:00,-6.8,6.5,999.0,0.0
2025-01-23 14:00,-6.9,6.8,998.0,0.0
2025-01-23 15:00,-7.1,7.6,997.0,0.0
2025-01-23 16:00,-7.1,7.6,996.0,0.0
2025-01-23 17:00,-6.7,8.3,996.0,0.0
2025-01-23 18:00,-6.1,8.3,995.0,0.0
2025-01-23 19:00,-5.9,7.6,995.0,0.0
2025-01-23 20:00,-5.7,9.4,994.0,0.0
2025-01-23 21:00,-5.5,10.1,994.0,0.0
2025-01-23 22:00,-5.5,10.4,993.0,0.01
2025-01-23 23:00,-5.6,9.4,993.0,0.0
2025-01-24 00:00,-5.7,8.3,994.0,0.0
2025-01-24 01:00,-5.7,8.3,993.0,0.0
2025-01-24 02:00,-5.6,7.9,993.0,0.0
2025-01-24 03:00,-5.5,6.8,993.0,0.0
2025-01-24 04:00,-5.4,5.4,993.0,0.0
2025-01-24 05:00,-5.4,5.0,993.0,0.0
2025-01-24 06:00,-5.7,5.4,993.0,0.0
2025-01-24 07:00,-6.3,4.7,993.0,0.0
2025-01-24 08:00,-6.3,5.8,993.0,0.0
2025-01-24 09:00,-7.2,6.1,993.0,0.0
2025-01-24 10:00,-7.3,6.5,992.0,0.0
2025-01-24 11:00,-6.7,6.5,992.0,0.0
2025-01-24 12:00,-6.0,7.2,991.0,0.0
2025-01-24 13:00,-5.7,8.3,990.0,0.0
2025-01-24 14:00,-5.9,9.0,988.0,0.0
2025-01-24 15:00,-6.7,8.6,987.0,0.0
2025-01-24 16:00,-7.6,9.0,986.0,0.0
2025-01-24 17:00,-7.6,10.8,984.0,0.0
2025-01-24 18:00,-7.3,11.2,981.0,0.0
2025-01-24 19:00,-7.0,10.8,980.0,0.0
2025-01-24 20:00,-4.9,12.6,978.0,0.0
2025-01-24 21:00,-2.6,17.3,977.0,0.0
2025-01-24 22:00,-2.1,22.7,975.0,0.0
2025-01-24 23:00,-1.6,26.6,974.0,0.0
2025-01-25 00:00,-0.7,22.3,974.0,0.0
2025-01-25 01:00,-0.6,19.8,974.0,0.0
2025-01-25 02:00,-0.1,21.2,973.0,0.0
2025-01-25 03:00,1.3,24.8,972.0,0.0
2025-01-25 04:00,2.9,28.1,972.0,0.0
2025-01-25 05:00,2.8,24.8,971.0,0.0
2025-01-25 06:00,2.7,20.9,971.0,0.0
2025-01-25 07:00,2.3,16.9,972.0,0.0
2025-01-25 08:00,2.9,21.2,973.0,0.0
2025-01-25 09:00,3.6,22.0,974.0,0.0
2025-01-25 10:00,4.1,19.8,975.0,0.0
2025-01-25 11:00,4.4,23.4,977.0,0.0
2025-01-25 12:00,3.9,21.6,978.0,0.0
2025-01-25 13:00,3.4,20.2,979.0,0.0
2025-01-25 14:00,2.5,19.4,979.0,0.0
2025-01-25 15:00,2.2,22.3,979.0,0.0
2025-01-25 16:00,1.6,20.9,979.0,0.0
2025-01-25 17:00,1.0,20.2,979.0,0.0
2025-01-25 18:00,1.0,20.2,978.0,0.0
2025-01-25 19:00,2.1,20.2,979.0,0.0
2025-01-25 20:00,2.7,19.1,980.0,0.05
2025-01-25 21:00,1.3,10.1,981.0,0.01
2025-01-25 22:00,1.8,13.0,981.0,0.0
2025-01-25 23:00,2.8,19.1,983.0,0.02
2025-01-26 00:00,1.1,13.3,983.0,0.01
2025-01-26 01:00,0.7,13.0,984.0,0.01
2025-01-26 02:00,0.1,14.0,986.0,0.1
2025-01-26 03:00,1.2,19.1,987.0,0.0
2025-01-26 04:00,0.9,18.4,988.0,0.0
2025-01-26 05:00,0.6,16.9,989.0,0.0
2025-01-26 06:00,-0.2,14.4,990.0,0.0
2025-01-26 07:00,-0.6,14.0,991.0,0.0
2025-01-26 08:00,-1.9,11.5,992.0,0.0
2025-01-26 09:00,-2.4,11.5,993.0,0.0
2025-01-26 10:00,-0.5,16.9,994.0,0.28
2025-01-26 11:00,0.3,22.3,995.0,0.52
2025-01-26 12:00,1.8,23.4,996.0,0.0
2025-01-26 13:00,1.1,11.9,997.0,0.0
2025-01-26 14:00,-0.4,7.9,997.0,0.0
2025-01-26 15:00,-2.1,9.0,998.0,0.0
2025-01-26 16:00,-3.6,9.4,997.0,0.0
2025-01-26 17:00,-3.8,8.6,997.0,0.0
2025-01-26 18:00,-4.0,8.6,997.0,0.0
2025-01-26 19:00,-3.3,7.9,997.0,0.0
2025-01-26 20:00,-3.9,6.8,997.0,0.0
2025-01-26 21:00,-4.1,6.1,997.0,0.0
2025-01-26 22:00,-3.8,6.5,997.0,0.0
2025-01-26 23:00,-4.1,6.1,998.0,0.0
2025-01-27 00:00,-3.8,7.2,996.0,0.0
2025-01-27 01:00,-4.5,7.6,996.0,0.0
2025-01-27 02:00,-5.3,7.6,996.0,0.0
2025-01-27 03:00,-5.6,7.6,996.0,0.0
2025-01-27 04:00,-5.8,9.0,996.0,0.0
2025-01-27 05:00,-5.9,7.9,996.0,0.0
2025-01-27 06:00,-5.6,8.3,996.0,0.0
2025-01-27 07:00,-5.2,7.2,996.0,0.0
2025-01-27 08:00,-5.4,7.6,995.0,0.0
2025-01-27 09:00,-5.4,6.8,995.0,0.0
2025-01-27 10:00,-5.4,7.2,995.0,0.0
2025-01-27 11:00,-4.9,7.9,995.0,0.0
2025-01-27 12:00,-4.4,9.0,994.0,0.0
2025-01-27 13:00,-3.8,9.4,994.0,0.0
2025-01-27 14:00,-3.6,11.9,993.0,0.0
2025-01-27 15:00,-3.0,13.0,992.0,0.0
2025-01-27 16:00,-2.6,13.3,991.0,0.0
2025-01-27 17:00,-2.9,13.0,991.0,0.0
2025-01-27 18:00,-3.1,13.3,991.0,0.0
2025-01-27 19:00,-3.3,12.2,991.0,0.0
2025-01-27 20:00,-4.0,10.1,991.0,0.0
2025-01-27 21:00,-4.4,9.7,991.0,0.0
2025-01-27 22:00,-4.4,9.4,992.0,0.0
2025-01-27 23:00,-4.2,8.3,992.0,0.0
2025-01-28 00:00,-2.3,7.6,989.0,0.0
2025-01-28 01:00,-2.5,8.3,990.0,0.01
2025-01-28 02:00,-3.1,6.8,990.0,0.0
2025-01-28 03:00,-3.3,6.1,990.0,0.0
2025-01-28 04:00,-3.1,6.1,991.0,0.02
2025-01-28 05:00,-3.0,5.4,991.0,0.05
2025-01-28 06:00,-3.1,4.7,992.0,0.06
2025-01-28 07:00,-3.2,4.0,992.0,0.24
2025-01-28 08:00,-3.0,5.4,993.0,0.36
2025-01-28 09:00,-2.9,5.8,994.0,0.15
2025-01-28 10:00,-2.8,5.8,995.0,0.11
2025-01-28 11:00,-2.5,5.8,995.0,0.22
2025-01-28 12:00,-2.0,5.0,996.0,0.23
2025-01-28 13:00,-1.4,5.0,996.0,0.06
2025-01-28 14:00,-1.3,5.8,997.0,0.0
2025-01-28 15:00,-1.6,5.0,997.0,0.0
2025-01-28 16:00,-2.2,4.7,998.0,0.0
2025-01-28 17:00,-2.3,5.0,998.0,0.0
2025-01-28 18:00,-2.4,5.0,998.0,0.0
2025-01-28 19:00,-3.3,5.8,999.0,0.0
2025-01-28 20:00,-3.4,5.8,1000.0,0.0
2025-01-28 21:00,-3.6,5.8,1000.0,0.0
2025-01-28 22:00,-4.0,6.5,1001.0,0.0
2025-01-28 23:00,-4.6,7.2,1001.0,0.0
2025-01-29 00:00,-6.5,6.8,1001.0,0.0
2025-01-29 01:00,-6.4,6.5,1001.0,0.0
2025-01-29 02:00,-6.0,6.1,1001.0,0.0
2025-01-29 03:00,-5.3,6.1,1001.0,0.0
2025-01-29 04:00,-5.3,5.8,1001.0,0.0
2025-01-29 05:00,-5.4,6.1,1001.0,0.0
2025-01-29 06:00,-5.9,6.1,1001.0,0.0
2025-01-29 07:00,-6.4,5.8,1002.0,0.0
2025-01-29 08:00,-6.3,6.1,1003.0,0.0
2025-01-29 09:00,-6.0,6.5,1003.0,0.0
2025-01-29 10:00,-5.5,5.8,1003.0,0.0
2025-01-29 11:00,-4.2,4.7,1003.0,0.0
2025-01-29 12:00,-3.3,3.6,1003.0,0.0
2025-01-29 13:00,-3.0,3.2,1003.0,0.0
2025-01-29 14:00,-3.4,3.6,1003.0,0.0
2025-01-29 15:00,-4.4,3.6,1003.0,0.0
2025-01-29 16:00,-5.7,3.6,1003.0,0.0
2025-01-29 17:00,-6.3,4.0,1004.0,0.0
2025-01-29 18:00,-6.6,4.0,1004.0,0.0
2025-01-29 19:00,-6.9,3.2,1004.0,0.0
2025-01-29 20:00,-7.2,3.6,1004.0,0.0
2025-01-29 21:00,-7.4,4.3,1005.0,0.0
2025-01-29 22:00,-7.6,4.0,1005.0,0.0
2025-01-29 23:00,-7.8,4.0,1005.0,0.0
2025-01-30 00:00,-5.0,3.6,1003.0,0.0
2025-01-30 01:00,-5.6,2.5,1003.0,0.0
2025-01-30 02:00,-5.9,3.2,1003.0,0.0
2025-01-30 03:00,-5.7,3.6,1003.0,0.0
2025-01-30 04:00,-5.9,3.6,1003.0,0.03
2025-01-30 05:00,-5.8,3.6,1003.0,0.05
2025-01-30 06:00,-6.3,4.0,1004.0,0.05
2025-01-30 07:00,-6.1,4.3,1004.0,0.04
2025-01-30 08:00,-5.8,4.3,1004.0,0.1
2025-01-30 09:00,-5.1,4.3,1004.0,0.22
2025-01-30 10:00,-4.3,4.7,1005.0,0.17
2025-01-30 11:00,-3.6,4.7,1005.0,0.07
2025-01-30 12:00,-3.0,4.3,1006.0,0.06
2025-01-30 13:00,-2.5,4.3,1006.0,0.04
2025-01-30 14:00,-2.4,4.3,1006.0,0.02
2025-01-30 15:00,-2.7,4.7,1007.0,0.06
2025-01-30 16:00,-2.4,4.7,1006.0,0.05
2025-01-30 17:00,-2.2,5.0,1007.0,0.18
2025-01-30 18:00,-2.2,5.8,1007.0,0.35
2025-01-30 19:00,-1.7,6.5,1008.0,0.29
2025-01-30 20:00,-1.3,6.8,1008.0,0.13
2025-01-30 21:00,-0.7,6.5,1009.0,0.23
2025-01-30 22:00,-0.3,7.2,1009.0,0.27
2025-01-30 23:00,-0.2,8.3,1009.0,0.22
2025-01-31 00:00,-0.3,9.4,1009.0,0.28
2025-01-31 01:00,0.0,10.1,1010.0,0.21
2025-01-31 02:00,0.2,6.1,1011.0,0.57
2025-01-31 03:00,0.7,6.8,1012.0,1.21
2025-01-31 04:00,1.1,7.9,1013.0,0.36
2025-01-31 05:00,0.7,6.5,1014.0,0.08
2025-01-31 06:00,-0.1,7.2,1014.0,0.04
2025-01-31 07:00,-1.1,8.3,1015.0,0.04
2025-01-31 08:00,-1.9,8.3,1016.0,0.05
2025-01-31 09:00,-0.3,10.8,1017.0,0.63
2025-01-31 10:00,-0.1,10.4,1017.0,0.31
2025-01-31 11:00,0.3,9.4,1018.0,0.25
2025-01-31 12:00,0.7,10.1,1019.0,0.32
2025-01-31 13:00,0.8,7.6,1020.0,0.13
2025-01-31 14:00,0.4,7.2,1021.0,0.06
2025-01-31 15:00,-0.3,6.8,1021.0,0.03
2025-01-31 16:00,-2.0,6.1,1022.0,0.04
2025-01-31 17:00,-2.5,6.1,1023.0,0.07
2025-01-31 18:00,-1.8,6.5,1024.0,0.03
2025-01-31 19:00,-1.2,7.6,1025.0,0.09
2025-01-31 20:00,-2.1,8.3,1026.0,0.01
2025-01-31 21:00,-2.7,8.3,1027.0,0.08
2025-01-31 22:00,-2.2,7.9,1027.0,0.03
2025-01-31 23:00,-1.8,9.0,1028.0,0.32
2025-02-01 00:00,-1.6,7.9,1028.0,0.38
2025-02-01 01:00,-1.5,7.9,1029.0,0.26
2025-02-01 02:00,-1.5,7.2,1029.0,0.2
2025-02-01 03:00,-1.7,5.4,1029.0,0.08
2025-02-01 04:00,-2.3,5.8,1029.0,0.03
2025-02-01 05:00,-3.1,5.8,1029.0,0.01
2025-02-01 06:00,-4.2,5.8,1029.0,0.0
2025-02-01 07:00,-4.8,6.1,1030.0,0.0
2025-02-01 08:00,-5.1,6.1,1030.0,0.0
2025-02-01 09:00,-5.6,6.1,1030.0,0.0
2025-02-01 10:00,-5.4,5.8,1030.0,0.0
2025-02-01 11:00,-4.3,5.0,1030.0,0.0
2025-02-01 12:00,-3.2,4.7,1030.0,0.0
2025-02-01 13:00,-2.6,4.3,1029.0,0.0
2025-02-01 14:00,-2.8,4.3,1029.0,0.0
2025-02-01 15:00,-3.9,5.4,1029.0,0.0
2025-02-01 16:00,-5.8,6.1,1028.0,0.0
2025-02-01 17:00,-6.9,6.8,1029.0,0.0
2025-02-01 18:00,-7.6,6.8,1029.0,0.0
2025-02-01 19:00,-8.7,6.8,1029.0,0.0
2025-02-01 20:00,-9.6,6.5,1029.0,0.0
2025-02-01 21:00,-10.6,7.2,1028.0,0.0
2025-02-01 22:00,-11.1,6.8,1028.0,0.0
2025-02-01 23:00,-11.4,6.8,1028.0,0.0
2025-02-02 00:00,-12.1,7.2,1027.0,0.0
2025-02-02 01:00,-12.4,7.2,1027.0,0.0
2025-02-02 02:00,-12.6,6.5,1027.0,0.0
2025-02-02 03:00,-12.7,7.6,1027.0,0.0
2025-02-02 04:00,-12.7,7.9,1026.0,0.0
2025-02-02 05:00,-12.7,7.2,1025.0,0.0
2025-02-02 06:00,-12.8,6.8,1025.0,0.0
2025-02-02 07:00,-12.6,7.6,1025.0,0.0
2025-02-02 08:00,-12.3,7.2,1025.0,0.0
2025-02-02 09:00,-12.0,7.9,1025.0,0.0
2025-02-02 10:00,-10.8,7.9,1025.0,0.0
2025-02-02 11:00,-8.9,8.6,1024.0,0.0
2025-02-02 12:00,-7.5,8.6,1024.0,0.0
2025-02-02 13:00,-6.7,9.0,1023.0,0.0
2025-02-02 14:00,-6.6,9.4,1023.0,0.0
2025-02-02 15:00,-7.1,10.8,1023.0,0.0
2025-02-02 16:00,-8.5,10.1,1022.0,0.0
2025-02-02 17:00,-9.5,9.7,1022.0,0.0
2025-02-02 18:00,-9.5,10.1,1022.0,0.0
2025-02-02 19:00,-9.6,11.2,1021.0,0.0
2025-02-02 20:00,-9.6,10.4,1021.0,0.0
2025-02-02 21:00,-9.6,9.7,1021.0,0.0
2025-02-02 22:00,-9.4,10.1,1021.0,0.0
2025-02-02 23:00,-9.1,8.3,1022.0,0.0
2025-02-03 00:00,-9.0,8.3,1022.0,0.0
2025-02-03 01:00,-8.5,6.1,1022.0,0.01
2025-02-03 02:00,-8.1,6.1,1023.0,0.01
2025-02-03 03:00,-7.6,6.5,1023.0,0.01
2025-02-03 04:00,-7.2,7.2,1022.0,0.0
2025-02-03 05:00,-7.3,6.8,1022.0,0.0
2025-02-03 06:00,-6.9,5.0,1022.0,0.0
2025-02-03 07:00,-6.8,6.8,1023.0,0.01
2025-02-03 08:00,-7.6,6.8,1023.0,0.0
2025-02-03 09:00,-8.3,7.9,1024.0,0.0
2025-02-03 10:00,-8.6,7.9,1023.0,0.0
2025-02-03 11:00,-8.0,9.0,1023.0,0.0
2025-02-03 12:00,-7.3,7.9,1022.0,0.0
2025-02-03 13:00,-7.0,9.0,1022.0,0.0
2025-02-03 14:00,-7.0,9.0,1022.0,0.0
2025-02-03 15:00,-7.6,7.9,1021.0,0.0
2025-02-03 16:00,-8.8,8.6,1021.0,0.0
2025-02-03 17:00,-9.4,8.3,1021.0,0.0
2025-02-03 18:00,-9.7,7.6,1021.0,0.0
2025-02-03 19:00,-9.8,7.9,1021.0,0.0
2025-02-03 20:00,-9.2,9.0,1020.0,0.0
2025-02-03 21:00,-9.0,7.6,1020.0,0.0
2025-02-03 22:00,-8.9,8.3,1020.0,0.0
2025-02-03 23:00,-8.5,8.3,1020.0,0.0
2025-02-04 00:00,-7.1,9.0,1017.0,0.0
2025-02-04 01:00,-6.9,7.9,1017.0,0.02
2025-02-04 02:00,-6.9,8.3,1016.0,0.1
2025-02-04 03:00,-6.9,8.3,1016.0,0.28
2025-02-04 04:00,-6.8,7.9,1015.0,0.29
2025-02-04 05:00,-6.7,7.2,1015.0,0.21
2025-02-04 06:00,-6.4,6.8,1015.0,0.17
2025-02-04 07:00,-6.2,7.2,1015.0,0.38
2025-02-04 08:00,-6.1,7.2,1014.0,0.53
2025-02-04 09:00,-5.8,7.2,1014.0,0.29
2025-02-04 10:00,-5.4,7.6,1014.0,0.47
2025-02-04 11:00,-4.5,7.9,1013.0,0.17
2025-02-04 12:00,-3.3,7.6,1012.0,0.22
2025-02-04 13:00,-2.7,7.9,1011.0,0.28
2025-02-04 14:00,-2.3,9.0,1010.0,0.03
2025-02-04 15:00,-2.3,8.3,1008.0,0.0
2025-02-04 16:00,-3.2,8.3,1007.0,0.0
2025-02-04 17:00,-4.5,8.3,1007.0,0.0
2025-02-04 18:00,-4.3,9.0,1006.0,0.0
2025-02-04 19:00,-4.6,7.6,1005.0,0.0
2025-02-04 20:00,-4.6,8.6,1004.0,0.02
2025-02-04 21:00,-4.5,4.7,1004.0,0.0
2025-02-04 22:00,-4.1,7.6,1005.0,0.0
2025-02-04 23:00,-3.2,4.3,1005.0,0.0
2025-02-05 00:00,-2.1,5.8,1006.0,0.0
2025-02-05 01:00,-3.0,5.8,1005.0,0.0
2025-02-05 02:00,-2.3,5.8,1005.0,0.0
2025-02-05 03:00,-2.2,5.0,1004.0,0.03
2025-02-05 04:00,-2.2,4.7,1004.0,0.82
2025-02-05 05:00,-2.4,3.6,1004.0,1.89
2025-02-05 06:00,-2.4,2.5,1004.0,1.25
2025-02-05 07:00,-2.3,6.5,1005.0,2.22
2025-02-05 08:00,-2.0,7.6,1007.0,2.03
2025-02-05 09:00,-0.8,13.0,1009.0,1.59
2025-02-05 10:00,0.5,19.1,1010.0,0.24
2025-02-05 11:00,1.3,24.8,1012.0,0.13
2025-02-05 12:00,1.7,20.5,1014.0,0.05
2025-02-05 13:00,1.9,16.2,1015.0,0.17
2025-02-05 14:00,1.1,12.6,1016.0,0.09
2025-02-05 15:00,1.0,13.0,1018.0,0.11
2025-02-05 16:00,1.8,23.4,1020.0,0.6
2025-02-05 17:00,1.3,21.2,1022.0,0.28
2025-02-05 18:00,-0.1,15.1,1024.0,0.04
2025-02-05 19:00,-1.4,11.2,1026.0,0.17
2025-02-05 20:00,-1.1,12.2,1027.0,0.12
2025-02-05 21:00,-1.9,10.4,1029.0,0.1
2025-02-05 22:00,-0.7,11.9,1030.0,0.08
2025-02-05 23:00,0.5,12.2,1031.0,0.01
2025-02-06 00:00,-4.2,10.8,1033.0,0.0
2025-02-06 01:00,-3.2,10.4,1034.0,0.0
2025-02-06 02:00,-3.5,9.4,1035.0,0.0
2025-02-06 03:00,-3.8,10.4,1035.0,0.0
2025-02-06 04:00,-5.5,9.7,1036.0,0.0
2025-02-06 05:00,-5.5,9.7,1037.0,0.0
2025-02-06 06:00,-5.7,9.7,1037.0,0.0
2025-02-06 07:00,-6.0,9.7,1037.0,0.0
2025-02-06 08:00,-6.3,10.1,1038.0,0.0
2025-02-06 09:00,-4.8,8.6,1039.0,0.0
2025-02-06 10:00,-3.8,8.6,1039.0,0.0
2025-02-06 11:00,-2.8,8.3,1039.0,0.0
2025-02-06 12:00,-1.6,7.2,1040.0,0.0
2025-02-06 13:00,-0.8,7.6,1040.0,0.0
2025-02-06 14:00,-0.5,6.8,1040.0,0.0
2025-02-06 15:00,-1.0,6.8,1040.0,0.0
2025-02-06 16:00,-2.9,7.2,1041.0,0.0
2025-02-06 17:00,-4.4,8.6,1042.0,0.0
2025-02-06 18:00,-4.9,9.0,1043.0,0.0
2025-02-06 19:00,-4.9,8.6,1043.0,0.0
2025-02-06 20:00,-5.4,8.3,1044.0,0.0
2025-02-06 21:00,-5.4,8.6,1044.0,0.0
2025-02-06 22:00,-5.2,7.6,1045.0,0.0
2025-02-06 23:00,-4.9,7.6,1045.0,0.0
2025-02-07 00:00,-3.3,7.9,1045.0,0.0
2025-02-07 01:00,-3.6,7.6,1046.0,0.0
2025-02-07 02:00,-3.7,7.6,1046.0,0.0
2025-02-07 03:00,-4.2,6.8,1046.0,0.0
2025-02-07 04:00,-4.9,7.2,1046.0,0.0
2025-02-07 05:00,-5.3,7.2,1047.0,0.0
2025-02-07 06:00,-5.4,7.6,1047.0,0.0
2025-02-07 07:00,-5.6,7.2,1047.0,0.0
2025-02-07 08:00,-5.8,6.8,1047.0,0.0
2025-02-07 09:00,-6.0,6.5,1047.0,0.0
2025-02-07 10:00,-4.8,6.1,1047.0,0.0
2025-02-07 11:00,-3.1,4.7,1047.0,0.0
2025-02-07 12:00,-1.9,4.0,1047.0,0.0
2025-02-07 13:00,-1.3,3.6,1046.0,0.0
2025-02-07 14:00,-1.4,4.0,1045.0,0.0
2025-02-07 15:00,-2.3,4.3,1045.0,0.0
2025-02-07 16:00,-4.1,5.8,1045.0,0.0
2025-02-07 17:00,-5.3,6.5,1045.0,0.0
2025-02-07 18:00,-6.0,6.8,1044.0,0.0
2025-02-07 19:00,-6.3,6.8,1044.0,0.0
2025-02-07 20:00,-6.8,6.5,1044.0,0.0
2025-02-07 21:00,-7.5,6.5,1044.0,0.0
2025-02-07 22:00,-8.1,6.5,1043.0,0.0
2025-02-07 23:00,-8.1,6.1,1043.0,0.0
2025-02-08 00:00,-8.1,6.5,1042.0,0.0
2025-02-08 01:00,-7.4,7.6,1041.0,0.0
2025-02-08 02:00,-7.0,7.6,1040.0,0.0
2025-02-08 03:00,-7.2,9.0,1040.0,0.0
2025-02-08 04:00,-7.4,9.7,1040.0,0.0
2025-02-08 05:00,-7.9,11.2,1040.0,0.0
2025-02-08 06:00,-8.3,11.2,1039.0,0.0
2025-02-08 07:00,-8.7,11.5,1039.0,0.0
2025-02-08 08:00,-8.9,11.5,1039.0,0.0
2025-02-08 09:00,-9.1,10.4,1039.0,0.0
2025-02-08 10:00,-8.3,9.0,1040.0,0.0
2025-02-08 11:00,-7.0,7.9,1040.0,0.0
2025-02-08 12:00,-5.8,6.8,1040.0,0.0
2025-02-08 13:00,-5.1,6.1,1040.0,0.0
2025-02-08 14:00,-4.9,5.8,1040.0,0.0
2025-02-08 15:00,-4.9,6.5,1040.0,0.0
2025-02-08 16:00,-6.3,6.5,1040.0,0.0
2025-02-08 17:00,-8.5,7.2,1040.0,0.0
2025-02-08 18:00,-9.3,7.9,1040.0,0.0
2025-02-08 19:00,-9.7,8.3,1040.0,0.0
2025-02-08 20:00,-10.0,7.9,1040.0,0.0
2025-02-08 21:00,-10.4,7.9,1041.0,0.0
2025-02-08 22:00,-10.3,7.2,1041.0,0.0
2025-02-08 23:00,-10.5,6.8,1041.0,0.0
2025-02-09 00:00,-7.5,9.0,1038.0,1.32
2025-02-09 01:00,-7.3,8.3,1038.0,1.39
2025-02-09 02:00,-6.9,7.9,1038.0,0.5
2025-02-09 03:00,-6.4,7.2,1038.0,0.08
2025-02-09 04:00,-6.3,6.8,1039.0,0.01
2025-02-09 05:00,-6.6,7.6,1039.0,0.0
2025-02-09 06:00,-7.2,7.9,1040.0,0.0
2025-02-09 07:00,-7.2,8.3,1041.0,0.0
2025-02-09 08:00,-7.2,7.9,1041.0,0.0
2025-02-09 09:00,-7.4,6.8,1042.0,0.0
2025-02-09 10:00,-6.0,6.5,1042.0,0.0
2025-02-09 11:00,-4.3,6.1,1043.0,0.0
2025-02-09 12:00,-3.1,5.8,1043.0,0.0
2025-02-09 13:00,-2.2,5.4,1043.0,0.0
2025-02-09 14:00,-1.7,5.0,1043.0,0.0
2025-02-09 15:00,-2.5,5.0,1044.0,0.0
2025-02-09 16:00,-4.5,6.1,1044.0,0.0
2025-02-09 17:00,-6.0,7.9,1045.0,0.0
2025-02-09 18:00,-6.4,9.0,1045.0,0.0
2025-02-09 19:00,-6.2,7.9,1046.0,0.0
2025-02-09 20:00,-6.2,8.3,1046.0,0.0
2025-02-09 21:00,-6.5,7.9,1046.0,0.0
2025-02-09 22:00,-6.5,7.9,1046.0,0.0
2025-02-09 23:00,-6.5,7.9,1047.0,0.0
2025-02-10 00:00,-3.6,7.9,1045.0,0.13
2025-02-10 01:00,-3.0,7.2,1045.0,0.14
2025-02-10 02:00,-3.0,9.0,1045.0,0.19
2025-02-10 03:00,-2.2,7.6,1045.0,0.05
2025-02-10 04:00,-1.6,7.9,1045.0,0.03
2025-02-10 05:00,-1.3,5.8,1045.0,0.01
2025-02-10 06:00,-0.7,6.8,1045.0,0.01
2025-02-10 07:00,-0.4,6.5,1045.0,0.01
2025-02-10 08:00,-0.2,6.1,1045.0,0.01
2025-02-10 09:00,0.1,4.3,1045.0,0.04
2025-02-10 10:00,0.5,3.2,1045.0,0.08
2025-02-10 11:00,1.1,2.2,1045.0,0.06
2025-02-10 12:00,1.6,2.5,1045.0,0.0
2025-02-10 13:00,1.9,3.2,1045.0,0.0
2025-02-10 14:00,1.6,3.2,1044.0,0.0
2025-02-10 15:00,0.5,3.2,1044.0,0.0
2025-02-10 16:00,-1.4,4.7,1044.0,0.0
2025-02-10 17:00,-2.9,5.8,1044.0,0.0
2025-02-10 18:00,-3.7,6.1,1045.0,0.0
2025-02-10 19:00,-4.1,6.1,1045.0,0.0
2025-02-10 20:00,-4.7,6.5,1045.0,0.0
2025-02-10 21:00,-5.1,6.5,1045.0,0.0
2025-02-10 22:00,-5.8,6.5,1045.0,0.0
2025-02-10 23:00,-6.1,6.1,1045.0,0.0
2025-02-11 00:00,-5.5,6.5,1044.0,0.0
2025-02-11 01:00,-5.6,6.1,1043.0,0.0
2025-02-11 02:00,-5.7,6.5,1043.0,0.0
2025-02-11 03:00,-5.8,6.1,1043.0,0.0
2025-02-11 04:00,-6.2,5.8,1042.0,0.0
2025-02-11 05:00,-6.3,5.8,1042.0,0.0
2025-02-11 06:00,-6.6,5.4,1041.0,0.0
2025-02-11 07:00,-6.7,5.8,1041.0,0.0
2025-02-11 08:00,-6.9,5.0,1041.0,0.0
2025-02-11 09:00,-6.7,5.4,1041.0,0.0
2025-02-11 10:00,-4.8,4.7,1041.0,0.0
2025-02-11 11:00,-3.0,2.9,1040.0,0.0
2025-02-11 12:00,-1.7,2.5,1039.0,0.0
2025-02-11 13:00,-0.9,1.4,1038.0,0.0
2025-02-11 14:00,-0.7,1.8,1038.0,0.0
2025-02-11 15:00,-1.5,1.8,1038.0,0.0
2025-02-11 16:00,-3.3,3.6,1037.0,0.0
2025-02-11 17:00,-5.2,4.7,1037.0,0.0
2025-02-11 18:00,-5.9,5.0,1037.0,0.0
2025-02-11 19:00,-6.4,5.4,1037.0,0.0
2025-02-11 20:00,-6.8,6.1,1037.0,0.0
2025-02-11 21:00,-7.1,5.4,1037.0,0.0
2025-02-11 22:00,-7.4,6.1,1037.0,0.0
2025-02-11 23:00,-7.5,6.1,1037.0,0.0
2025-02-12 00:00,-3.7,5.8,1037.0,0.0
2025-02-12 01:00,-3.0,4.7,1037.0,0.0
2025-02-12 02:00,-2.6,5.0,1036.0,0.0
2025-02-12 03:00,-2.3,4.7,1035.0,0.0
2025-02-12 04:00,-2.0,4.0,1035.0,0.0
2025-02-12 05:00,-1.8,3.6,1034.0,0.0
2025-02-12 06:00,-2.5,4.3,1034.0,0.0
2025-02-12 07:00,-3.0,5.0,1034.0,0.0
2025-02-12 08:00,-3.0,3.6,1034.0,0.0
2025-02-12 09:00,-2.7,2.5,1033.0,0.0
2025-02-12 10:00,-1.8,0.7,1033.0,0.0
2025-02-12 11:00,-1.2,2.2,1033.0,0.01
2025-02-12 12:00,-0.7,2.9,1033.0,0.0
2025-02-12 13:00,0.4,2.5,1033.0,0.0
2025-02-12 14:00,0.5,4.7,1032.0,0.0
2025-02-12 15:00,0.2,4.7,1032.0,0.02
2025-02-12 16:00,-0.7,4.0,1032.0,0.01
2025-02-12 17:00,-3.1,3.2,1032.0,0.0
2025-02-12 18:00,-4.2,1.8,1032.0,0.0
2025-02-12 19:00,-4.8,2.9,1032.0,0.0
2025-02-12 20:00,-5.3,4.0,1032.0,0.0
2025-02-12 21:00,-5.7,4.0,1032.0,0.0
2025-02-12 22:00,-6.6,4.3,1032.0,0.0
2025-02-12 23:00,-6.4,4.3,1032.0,0.0
2025-02-13 00:00,-6.3,4.7,1032.0,0.0
2025-02-13 01:00,-6.4,4.3,1032.0,0.02
2025-02-13 02:00,-6.2,3.6,1032.0,0.02
2025-02-13 03:00,-7.6,3.2,1032.0,0.01
2025-02-13 04:00,-8.8,4.0,1032.0,0.0
2025-02-13 05:00,-9.4,4.3,1032.0,0.0
2025-02-13 06:00,-9.9,4.7,1032.0,0.0
2025-02-13 07:00,-10.2,5.0,1032.0,0.0
2025-02-13 08:00,-10.1,5.0,1032.0,0.0
2025-02-13 09:00,-9.2,5.8,1033.0,0.0
2025-02-13 10:00,-6.8,5.0,1033.0,0.0
2025-02-13 11:00,-5.1,4.7,1033.0,0.0
2025-02-13 12:00,-4.1,4.3,1032.0,0.0
2025-02-13 13:00,-3.5,3.6,1032.0,0.0
2025-02-13 14:00,-3.4,3.2,1031.0,0.0
2025-02-13 15:00,-4.1,2.9,1031.0,0.0
2025-02-13 16:00,-6.9,2.9,1031.0,0.0
2025-02-13 17:00,-9.1,4.3,1031.0,0.0
2025-02-13 18:00,-9.8,5.4,1031.0,0.0
2025-02-13 19:00,-10.0,6.5,1032.0,0.0
2025-02-13 20:00,-10.1,7.2,1032.0,0.0
2025-02-13 21:00,-10.5,7.2,1032.0,0.0
2025-02-13 22:00,-11.2,7.6,1031.0,0.0
2025-02-13 23:00,-11.8,7.2,1031.0,0.0
2025-02-14 00:00,-10.0,6.8,1031.0,0.0
2025-02-14 01:00,-10.2,6.8,1031.0,0.0
2025-02-14 02:00,-10.3,6.8,1031.0,0.0
2025-02-14 03:00,-10.3,6.5,1030.0,0.0
2025-02-14 04:00,-10.3,6.8,1030.0,0.0
2025-02-14 05:00,-10.2,6.8,1030.0,0.0
2025-02-14 06:00,-10.0,6.5,1030.0,0.0
2025-02-14 07:00,-8.7,6.1,1029.0,0.02
2025-02-14 08:00,-8.7,5.4,1029.0,0.06
2025-02-14 09:00,-7.9,5.8,1029.0,0.07
2025-02-14 10:00,-6.6,4.7,1029.0,0.02
2025-02-14 11:00,-5.6,4.0,1028.0,0.02
2025-02-14 12:00,-4.6,4.0,1028.0,0.01
2025-02-14 13:00,-3.8,3.6,1028.0,0.01
2025-02-14 14:00,-3.6,3.6,1027.0,0.01
2025-02-14 15:00,-4.5,4.0,1027.0,0.01
2025-02-14 16:00,-5.5,4.0,1027.0,0.01
2025-02-14 17:00,-6.1,5.4,1026.0,0.02
2025-02-14 18:00,-5.5,6.1,1026.0,0.05
2025-02-14 19:00,-5.2,4.0,1025.0,0.73
2025-02-14 20:00,-4.6,1.4,1026.0,0.27
2025-02-14 21:00,-3.6,2.5,1026.0,0.02
2025-02-14 22:00,-5.2,2.2,1027.0,0.01
2025-02-14 23:00,-6.9,2.5,1027.0,0.01
2025-02-15 00:00,-7.3,1.8,1027.0,0.08
2025-02-15 01:00,-8.3,2.2,1027.0,0.1
2025-02-15 02:00,-8.2,0.4,1027.0,0.01
2025-02-15 03:00,-8.9,4.3,1028.0,0.0
2025-02-15 04:00,-9.2,6.5,1029.0,0.0
2025-02-15 05:00,-9.0,9.0,1030.0,0.0
2025-02-15 06:00,-9.9,7.9,1031.0,0.0
2025-02-15 07:00,-10.9,7.6,1032.0,0.0
2025-02-15 08:00,-12.3,6.5,1033.0,0.0
2025-02-15 09:00,-11.7,6.1,1034.0,0.0
2025-02-15 10:00,-9.5,5.0,1034.0,0.0
2025-02-15 11:00,-8.0,3.6,1034.0,0.0
2025-02-15 12:00,-7.0,2.2,1034.0,0.0
2025-02-15 13:00,-6.5,1.8,1034.0,0.0
2025-02-15 14:00,-6.4,1.8,1034.0,0.0
2025-02-15 15:00,-6.6,0.7,1034.0,0.0
2025-02-15 16:00,-8.2,2.9,1034.0,0.0
2025-02-15 17:00,-10.5,5.4,1034.0,0.0
2025-02-15 18:00,-11.3,7.2,1034.0,0.0
2025-02-15 19:00,-11.9,7.2,1034.0,0.0
2025-02-15 20:00,-12.4,7.9,1034.0,0.0
2025-02-15 21:00,-12.7,7.9,1034.0,0.0
2025-02-15 22:00,-12.9,7.9,1034.0,0.0
2025-02-15 23:00,-12.6,7.6,1034.0,0.0
2025-02-16 00:00,-13.1,7.6,1033.0,0.0
2025-02-16 01:00,-12.7,7.6,1032.0,0.0
2025-02-16 02:00,-12.2,7.2,1032.0,0.0
2025-02-16 03:00,-12.1,6.8,1031.0,0.0
2025-02-16 04:00,-11.4,6.5,1031.0,0.0
2025-02-16 05:00,-10.0,6.1,1030.0,0.0
2025-02-16 06:00,-9.0,6.5,1029.0,0.07
2025-02-16 07:00,-8.8,6.5,1029.0,0.22
2025-02-16 08:00,-8.6,6.5,1028.0,0.2
2025-02-16 09:00,-7.5,6.1,1028.0,0.26
2025-02-16 10:00,-6.6,6.5,1028.0,0.19
2025-02-16 11:00,-5.4,6.5,1027.0,0.24
2025-02-16 12:00,-4.5,5.8,1026.0,0.24
2025-02-16 13:00,-3.7,6.5,1026.0,0.17
2025-02-16 14:00,-3.0,6.8,1025.0,0.1
2025-02-16 15:00,-2.7,6.8,1025.0,0.16
2025-02-16 16:00,-2.9,6.5,1024.0,0.43
2025-02-16 17:00,-3.1,8.3,1024.0,0.39
2025-02-16 18:00,-2.6,10.1,1023.0,0.58
2025-02-16 19:00,-2.1,13.3,1023.0,1.01
2025-02-16 20:00,-1.7,14.4,1022.0,1.81
2025-02-16 21:00,-1.7,12.6,1022.0,1.03
2025-02-16 22:00,-1.8,9.4,1022.0,0.75
2025-02-16 23:00,-1.9,6.8,1022.0,0.49
2025-02-17 00:00,-1.7,7.2,1023.0,0.55
2025-02-17 01:00,-1.4,6.8,1022.0,0.66
2025-02-17 02:00,-1.6,6.8,1023.0,0.52
2025-02-17 03:00,-1.7,5.4,1023.0,0.53
2025-02-17 04:00,-1.9,4.0,1023.0,0.42
2025-02-17 05:00,-2.0,3.2,1023.0,0.52
2025-02-17 06:00,-2.0,3.6,1022.0,0.38
2025-02-17 07:00,-2.2,4.3,1022.0,0.29
2025-02-17 08:00,-2.4,5.4,1023.0,0.23
2025-02-17 09:00,-1.7,6.1,1023.0,0.2
2025-02-17 10:00,-1.2,6.8,1023.0,0.19
2025-02-17 11:00,-0.6,7.9,1023.0,0.12
2025-02-17 12:00,-0.1,7.2,1023.0,0.12
2025-02-17 13:00,0.3,7.2,1024.0,0.03
2025-02-17 14:00,0.5,6.5,1023.0,0.17
2025-02-17 15:00,0.1,6.1,1024.0,0.28
2025-02-17 16:00,-1.9,2.5,1024.0,0.15
2025-02-17 17:00,-4.7,4.0,1024.0,0.22
2025-02-17 18:00,-5.1,5.8,1025.0,0.12
2025-02-17 19:00,-2.9,6.5,1025.0,0.36
2025-02-17 20:00,-1.7,6.5,1025.0,0.53
2025-02-17 21:00,-2.3,7.9,1025.0,1.01
2025-02-17 22:00,-1.9,9.0,1025.0,0.6
2025-02-17 23:00,-2.2,9.4,1025.0,0.3
2025-02-18 00:00,-0.5,7.2,1024.0,0.8
2025-02-18 01:00,-0.5,6.1,1024.0,0.61
2025-02-18 02:00,-0.4,6.8,1025.0,0.23
2025-02-18 03:00,-0.6,5.8,1025.0,0.22
2025-02-18 04:00,-1.2,5.4,1025.0,0.21
2025-02-18 05:00,-2.4,5.4,1026.0,0.15
2025-02-18 06:00,-2.9,5.4,1026.0,0.23
2025-02-18 07:00,-2.1,6.1,1026.0,0.2
2025-02-18 08:00,-2.9,6.1,1026.0,0.13
2025-02-18 09:00,-2.5,6.1,1027.0,0.13
2025-02-18 10:00,-1.3,6.8,1027.0,0.11
2025-02-18 11:00,-0.4,7.2,1027.0,0.11
2025-02-18 12:00,0.1,7.9,1028.0,0.09
2025-02-18 13:00,0.5,8.6,1028.0,0.07
2025-02-18 14:00,0.5,7.6,1028.0,0.04
2025-02-18 15:00,0.3,6.5,1028.0,0.03
2025-02-18 16:00,-0.8,5.0,1029.0,0.03
2025-02-18 17:00,-2.7,4.7,1029.0,0.03
2025-02-18 18:00,-3.1,5.8,1029.0,0.02
2025-02-18 19:00,-3.9,6.1,1029.0,0.0
2025-02-18 20:00,-5.3,6.8,1029.0,0.0
2025-02-18 21:00,-6.5,6.8,1030.0,0.0
2025-02-18 22:00,-6.9,7.2,1030.0,0.0
2025-02-18 23:00,-6.3,7.6,1030.0,0.0
2025-02-19 00:00,-6.5,6.1,1029.0,0.0
2025-02-19 01:00,-8.0,6.5,1029.0,0.0
2025-02-19 02:00,-8.7,7.2,1029.0,0.0
2025-02-19 03:00,-9.3,7.2,1029.0,0.0
2025-02-19 04:00,-9.7,7.2,1029.0,0.0
2025-02-19 05:00,-10.0,7.2,1029.0,0.0
2025-02-19 06:00,-10.1,7.6,1029.0,0.0
2025-02-19 07:00,-10.4,7.6,1029.0,0.0
2025-02-19 08:00,-8.9,6.8,1029.0,0.0
2025-02-19 09:00,-7.7,5.8,1028.0,0.0
2025-02-19 10:00,-6.0,5.0,1028.0,0.0
2025-02-19 11:00,-4.5,4.7,1028.0,0.0
2025-02-19 12:00,-3.3,2.9,1027.0,0.0
2025-02-19 13:00,-2.5,1.8,1027.0,0.0
2025-02-19 14:00,-2.1,2.5,1027.0,0.0
2025-02-19 15:00,-2.0,4.0,1027.0,0.0
2025-02-19 16:00,-3.1,4.7,1026.0,0.0
2025-02-19 17:00,-5.4,5.4,1026.0,0.0
2025-02-19 18:00,-7.5,6.8,1026.0,0.0
2025-02-19 19:00,-9.0,7.9,1026.0,0.0
2025-02-19 20:00,-9.7,8.3,1026.0,0.0
2025-02-19 21:00,-9.6,7.9,1026.0,0.0
2025-02-19 22:00,-8.4,7.6,1026.0,0.0
2025-02-19 23:00,-9.2,7.6,1026.0,0.0
2025-02-20 00:00,-10.9,8.3,1024.0,0.0
2025-02-20 01:00,-11.2,8.6,1024.0,0.0
2025-02-20 02:00,-11.1,8.6,1024.0,0.0
2025-02-20 03:00,-10.9,8.3,1023.0,0.0
2025-02-20 04:00,-10.8,7.9,1022.0,0.0
2025-02-20 05:00,-10.9,7.9,1022.0,0.0
2025-02-20 06:00,-10.7,8.3,1021.0,0.0
2025-02-20 07:00,-10.1,7.6,1020.0,0.0
2025-02-20 08:00,-10.2,7.6,1020.0,0.0
2025-02-20 09:00,-9.1,7.6,1019.0,0.0
2025-02-20 10:00,-7.1,7.2,1018.0,0.0
2025-02-20 11:00,-5.7,6.8,1017.0,0.0
2025-02-20 12:00,-4.6,6.8,1016.0,0.0
2025-02-20 13:00,-3.9,7.2,1015.0,0.0
2025-02-20 14:00,-3.4,6.5,1014.0,0.0
2025-02-20 15:00,-3.2,6.5,1013.0,0.0
2025-02-20 16:00,-4.3,7.2,1013.0,0.0
2025-02-20 17:00,-5.5,8.3,1012.0,0.0
2025-02-20 18:00,-7.1,8.6,1011.0,0.0
2025-02-20 19:00,-6.1,9.0,1010.0,0.0
2025-02-20 20:00,-6.6,9.0,1010.0,0.0
2025-02-20 21:00,-7.9,9.4,1008.0,0.0
2025-02-20 22:00,-8.0,9.4,1008.0,0.0
2025-02-20 23:00,-8.3,8.6,1007.0,0.0
2025-02-21 00:00,-6.9,8.6,1004.0,0.0
2025-02-21 01:00,-6.2,7.6,1004.0,0.0
2025-02-21 02:00,-5.2,3.2,1004.0,0.01
2025-02-21 03:00,-5.6,5.4,1005.0,0.01
2025-02-21 04:00,-4.7,5.0,1004.0,3.78
2025-02-21 05:00,-3.6,4.0,1005.0,3.35
2025-02-21 06:00,-3.1,6.1,1006.0,1.27
2025-02-21 07:00,-2.7,6.1,1007.0,0.11
2025-02-21 08:00,-2.4,6.1,1008.0,0.01
2025-02-21 09:00,-1.9,6.1,1009.0,0.0
2025-02-21 10:00,-2.1,7.2,1010.0,0.0
2025-02-21 11:00,-1.1,6.5,1011.0,0.0
2025-02-21 12:00,-0.3,6.8,1011.0,0.0
2025-02-21 13:00,-0.1,6.5,1010.0,0.0
2025-02-21 14:00,-0.1,6.1,1010.0,0.0
2025-02-21 15:00,-0.7,7.2,1011.0,0.0
2025-02-21 16:00,-1.8,8.3,1010.0,0.0
2025-02-21 17:00,-4.0,8.6,1010.0,0.0
2025-02-21 18:00,-5.2,9.4,1009.0,0.0
2025-02-21 19:00,-5.2,10.1,1008.0,0.0
2025-02-21 20:00,-4.5,9.4,1006.0,0.0
2025-02-21 21:00,-3.6,10.8,1006.0,0.0
2025-02-21 22:00,-2.3,8.6,1005.0,0.0
2025-02-21 23:00,-1.4,9.7,1004.0,0.0
2025-02-22 00:00,-2.3,9.4,1004.0,0.0
2025-02-22 01:00,-2.0,9.0,1004.0,0.0
2025-02-22 02:00,-1.3,9.0,1003.0,0.0
2025-02-22 03:00,-0.6,8.6,1003.0,0.0
2025-02-22 04:00,-0.4,6.1,1003.0,0.0
2025-02-22 05:00,-0.6,3.2,1004.0,0.0
2025-02-22 06:00,-0.8,5.8,1005.0,0.0
2025-02-22 07:00,-0.9,5.0,1005.0,0.0
2025-02-22 08:00,-1.0,5.8,1006.0,0.0
2025-02-22 09:00,-0.5,5.0,1006.0,0.0
2025-02-22 10:00,0.0,5.4,1006.0,0.0
2025-02-22 11:00,0.9,5.4,1006.0,0.0
2025-02-22 12:00,1.2,5.8,1006.0,0.0
2025-02-22 13:00,1.4,5.8,1006.0,0.02
2025-02-22 14:00,1.3,5.8,1006.0,0.02
2025-02-22 15:00,1.4,5.8,1006.0,0.02
2025-02-22 16:00,1.0,4.7,1006.0,0.0
2025-02-22 17:00,0.7,5.4,1006.0,0.05
2025-02-22 18:00,0.6,5.4,1007.0,0.01
2025-02-22 19:00,0.5,5.4,1007.0,0.0
2025-02-22 20:00,0.4,5.0,1007.0,0.0
2025-02-22 21:00,0.5,6.1,1008.0,0.0
2025-02-22 22:00,0.4,3.2,1008.0,0.0
2025-02-22 23:00,0.1,3.2,1009.0,0.06
2025-02-23 00:00,0.4,4.7,1007.0,0.02
2025-02-23 01:00,0.7,4.7,1008.0,0.11
2025-02-23 02:00,0.6,5.0,1008.0,0.14
2025-02-23 03:00,0.2,5.0,1009.0,0.03
2025-02-23 04:00,0.2,4.7,1009.0,0.01
2025-02-23 05:00,-0.1,5.4,1010.0,0.06
2025-02-23 06:00,-0.2,5.4,1011.0,0.03
2025-02-23 07:00,-0.8,5.4,1012.0,0.0
2025-02-23 08:00,-1.7,5.4,1013.0,0.0
2025-02-23 09:00,-0.9,6.5,1014.0,0.0
2025-02-23 10:00,0.5,5.4,1014.0,0.0
2025-02-23 11:00,1.3,4.7,1014.0,0.0
2025-02-23 12:00,1.8,3.2,1014.0,0.0
2025-02-23 13:00,2.7,5.4,1014.0,0.0
2025-02-23 14:00,2.5,4.3,1014.0,0.0
2025-02-23 15:00,2.1,4.3,1014.0,0.0
2025-02-23 16:00,1.3,6.1,1014.0,0.0
2025-02-23 17:00,-0.0,7.2,1013.0,0.0
2025-02-23 18:00,-0.7,7.6,1013.0,0.0
2025-02-23 19:00,-1.2,6.5,1012.0,0.0
2025-02-23 20:00,-0.8,8.3,1011.0,0.0
2025-02-23 21:00,-1.5,9.0,1010.0,0.0
2025-02-23 22:00,-1.7,9.0,1010.0,0.0
2025-02-23 23:00,-1.7,9.4,1009.0,0.0
2025-02-24 00:00,-2.7,10.8,1004.0,0.0
2025-02-24 01:00,-2.1,10.1,1003.0,0.0
2025-02-24 02:00,-1.4,10.8,1002.0,0.0
2025-02-24 03:00,0.6,12.2,1001.0,0.0
2025-02-24 04:00,2.4,15.8,1000.0,0.01
2025-02-24 05:00,3.0,15.5,999.0,0.0
2025-02-24 06:00,3.1,15.5,998.0,0.0
2025-02-24 07:00,2.2,13.7,998.0,0.0
2025-02-24 08:00,3.4,18.0,998.0,0.0
2025-02-24 09:00,2.4,12.6,999.0,0.0
2025-02-24 10:00,1.7,8.3,999.0,0.0
2025-02-24 11:00,2.5,6.8,1000.0,0.0
2025-02-24 12:00,3.9,8.3,999.0,0.0
2025-02-24 13:00,4.4,6.8,999.0,0.0
2025-02-24 14:00,4.3,6.1,1000.0,0.0
2025-02-24 15:00,3.4,6.8,1000.0,0.0
2025-02-24 16:00,2.1,6.5,1000.0,0.0
2025-02-24 17:00,0.8,7.2,1001.0,0.0
2025-02-24 18:00,-0.3,8.3,1001.0,0.0
2025-02-24 19:00,-0.7,7.9,1001.0,0.0
2025-02-24 20:00,-1.1,7.2,1001.0,0.0
2025-02-24 21:00,-1.3,7.9,1002.0,0.0
2025-02-24 22:00,-1.7,7.2,1001.0,0.0
2025-02-24 23:00,-1.5,6.8,1001.0,0.0
2025-02-25 00:00,-0.9,6.5,1000.0,0.0
2025-02-25 01:00,-1.0,5.4,1000.0,0.0
2025-02-25 02:00,-1.6,5.4,1000.0,0.0
2025-02-25 03:00,-2.0,5.8,1000.0,0.0
2025-02-25 04:00,-2.3,6.1,1001.0,0.0
2025-02-25 05:00,-2.5,5.4,1001.0,0.0
2025-02-25 06:00,-2.8,5.4,1001.0,0.0
2025-02-25 07:00,-3.0,4.7,1001.0,0.0
2025-02-25 08:00,-3.0,5.4,1002.0,0.0
2025-02-25 09:00,-2.0,4.3,1002.0,0.0
2025-02-25 10:00,-0.5,3.6,1002.0,0.0
2025-02-25 11:00,0.6,3.2,1002.0,0.0
2025-02-25 12:00,1.5,3.2,1002.0,0.0
2025-02-25 13:00,2.0,4.0,1001.0,0.0
2025-02-25 14:00,2.1,5.0,1001.0,0.0
2025-02-25 15:00,1.5,4.3,1001.0,0.0
2025-02-25 16:00,0.3,6.1,1001.0,0.0
2025-02-25 17:00,-0.9,6.5,1001.0,0.0
2025-02-25 18:00,-1.7,6.1,1001.0,0.0
2025-02-25 19:00,-2.7,6.5,1001.0,0.0
2025-02-25 20:00,-2.9,7.6,1001.0,0.0
2025-02-25 21:00,-3.2,6.8,1002.0,0.0
2025-02-25 22:00,-3.4,6.8,1002.0,0.0
2025-02-25 23:00,-3.5,7.2,1002.0,0.0
2025-02-26 00:00,-2.8,5.8,1002.0,0.0
2025-02-26 01:00,-3.2,5.8,1002.0,0.0
2025-02-26 02:00,-3.5,6.1,1003.0,0.0
2025-02-26 03:00,-3.5,5.8,1003.0,0.0
2025-02-26 04:00,-3.2,5.0,1003.0,0.0
2025-02-26 05:00,-2.8,5.4,1003.0,0.0
2025-02-26 06:00,-3.4,4.7,1004.0,0.0
2025-02-26 07:00,-2.7,6.5,1004.0,0.0
2025-02-26 08:00,-1.9,5.0,1004.0,0.0
2025-02-26 09:00,-1.5,2.2,1005.0,0.0
2025-02-26 10:00,-0.7,3.2,1006.0,0.0
2025-02-26 11:00,0.1,4.3,1006.0,0.0
2025-02-26 12:00,0.9,2.5,1007.0,0.0
2025-02-26 13:00,1.1,1.1,1007.0,0.0
2025-02-26 14:00,1.0,1.1,1008.0,0.0
2025-02-26 15:00,0.6,1.8,1008.0,0.0
2025-02-26 16:00,-0.0,0.4,1008.0,0.0
2025-02-26 17:00,-0.5,1.8,1009.0,0.0
2025-02-26 18:00,-1.1,2.2,1009.0,0.0
2025-02-26 19:00,-1.5,3.6,1010.0,0.0
2025-02-26 20:00,-1.7,4.0,1010.0,0.0
2025-02-26 21:00,-2.5,3.2,1010.0,0.0
2025-02-26 22:00,-2.8,3.2,1010.0,0.0
2025-02-26 23:00,-2.7,3.2,1011.0,0.0
2025-02-27 00:00,-1.2,4.7,1010.0,0.44
2025-02-27 01:00,-1.3,5.0,1010.0,0.49
2025-02-27 02:00,-1.4,5.4,1010.0,0.13
2025-02-27 03:00,-1.6,5.0,1010.0,0.0
2025-02-27 04:00,-1.9,4.0,1009.0,0.0
2025-02-27 05:00,-1.8,3.6,1010.0,0.0
2025-02-27 06:00,-2.5,4.3,1010.0,0.0
2025-02-27 07:00,-3.2,4.3,1010.0,0.0
2025-02-27 08:00,-3.5,5.4,1010.0,0.0
2025-02-27 09:00,-2.5,5.0,1011.0,0.0
2025-02-27 10:00,-0.4,5.4,1011.0,0.0
2025-02-27 11:00,1.0,4.7,1010.0,0.0
2025-02-27 12:00,1.8,7.2,1012.0,0.01
2025-02-27 13:00,1.2,3.6,1013.0,0.05
2025-02-27 14:00,1.3,4.3,1013.0,0.09
2025-02-27 15:00,1.6,6.1,1013.0,0.0
2025-02-27 16:00,0.2,5.4,1013.0,0.0
2025-02-27 17:00,-1.1,6.1,1013.0,0.0
2025-02-27 18:00,-1.4,6.8,1014.0,0.0
2025-02-27 19:00,-1.6,7.9,1015.0,0.0
2025-02-27 20:00,-1.7,8.3,1015.0,0.0
2025-02-27 21:00,-1.3,7.6,1016.0,0.01
2025-02-27 22:00,-1.1,7.2,1016.0,0.0
2025-02-27 23:00,-1.1,6.8,1016.0,0.0
2025-02-28 00:00,-3.2,7.9,1019.0,0.0
2025-02-28 01:00,-3.5,7.9,1019.0,0.0
2025-02-28 02:00,-3.4,7.9,1019.0,0.0
2025-02-28 03:00,-3.6,7.6,1019.0,0.0
2025-02-28 04:00,-3.9,7.2,1019.0,0.0
2025-02-28 05:00,-4.0,6.8,1019.0,0.0
2025-02-28 06:00,-4.2,6.8,1019.0,0.0
2025-02-28 07:00,-3.7,7.2,1019.0,0.0
2025-02-28 08:00,-3.7,7.2,1019.0,0.0
2025-02-28 09:00,-2.8,7.2,1019.0,0.0
2025-02-28 10:00,-1.1,6.5,1019.0,0.0
2025-02-28 11:00,-0.2,5.8,1019.0,0.0
2025-02-28 12:00,0.9,6.1,1019.0,0.02
2025-02-28 13:00,0.9,4.7,1020.0,0.02
2025-02-28 14:00,0.9,5.8,1019.0,0.0
2025-02-28 15:00,0.8,3.2,1019.0,0.02
2025-02-28 16:00,-0.0,2.2,1020.0,0.33
2025-02-28 17:00,-0.3,5.4,1020.0,0.19
2025-02-28 18:00,-0.5,5.8,1020.0,0.92
2025-02-28 19:00,-0.3,7.6,1021.0,0.85
2025-02-28 20:00,-0.8,7.2,1021.0,0.58
2025-02-28 21:00,-0.1,6.8,1021.0,0.73
2025-02-28 22:00,0.4,7.2,1021.0,0.83
2025-02-28 23:00,-0.3,7.9,1021.0,1.54
2025-03-01 00:00,-0.1,8.3,1023.0,0.5
2025-03-01 01:00,0.6,7.6,1022.0,0.02
2025-03-01 02:00,0.4,6.8,1022.0,0.0
2025-03-01 03:00,0.1,7.2,1022.0,0.0
2025-03-01 04:00,-0.6,6.5,1021.0,0.0
2025-03-01 05:00,-1.6,6.1,1021.0,0.0
2025-03-01 06:00,-1.7,6.5,1020.0,0.0
2025-03-01 07:00,-1.6,6.8,1020.0,0.0
2025-03-01 08:00,-1.5,6.8,1019.0,0.0
2025-03-01 09:00,-1.0,6.8,1019.0,0.0
2025-03-01 10:00,0.0,6.8,1018.0,0.0
2025-03-01 11:00,1.2,6.1,1019.0,0.02
2025-03-01 12:00,1.4,6.5,1019.0,0.0
2025-03-01 13:00,1.6,3.2,1020.0,0.03
2025-03-01 14:00,1.4,6.5,1020.0,0.12
2025-03-01 15:00,1.9,9.4,1020.0,0.03
2025-03-01 16:00,3.0,14.4,1020.0,0.01
2025-03-01 17:00,2.2,13.3,1019.0,0.0
2025-03-01 18:00,0.8,9.7,1019.0,0.0
2025-03-01 19:00,0.7,10.1,1019.0,0.0
2025-03-01 20:00,0.6,11.2,1018.0,0.0
2025-03-01 21:00,0.1,12.2,1017.0,0.0
2025-03-01 22:00,-0.5,11.2,1016.0,0.0
2025-03-01 23:00,-0.6,10.8,1016.0,0.01
2025-03-02 00:00,0.4,13.0,1014.0,0.16
2025-03-02 01:00,0.6,14.8,1012.0,0.33
2025-03-02 02:00,1.0,16.6,1011.0,0.58
2025-03-02 03:00,0.7,15.5,1010.0,1.41
2025-03-02 04:00,0.5,18.0,1009.0,1.26
2025-03-02 05:00,0.5,18.0,1008.0,2.8
2025-03-02 06:00,1.2,26.3,1007.0,4.8
2025-03-02 07:00,2.3,30.2,1007.0,3.36
2025-03-02 08:00,2.9,30.2,1007.0,4.54
2025-03-02 09:00,2.5,23.0,1008.0,5.75
2025-03-02 10:00,1.8,18.4,1009.0,4.11
2025-03-02 11:00,3.9,24.1,1008.0,2.94
2025-03-02 12:00,4.5,28.8,1009.0,0.88
2025-03-02 13:00,4.7,31.7,1008.0,0.7
2025-03-02 14:00,5.2,31.3,1008.0,0.26
2025-03-02 15:00,5.6,33.5,1007.0,0.06
2025-03-02 16:00,5.6,34.2,1007.0,0.03
2025-03-02 17:00,4.8,36.0,1006.0,0.02
2025-03-02 18:00,4.4,36.7,1006.0,0.06
2025-03-02 19:00,4.5,34.9,1006.0,0.22
2025-03-02 20:00,3.9,32.8,1006.0,0.3
2025-03-02 21:00,3.5,31.0,1006.0,0.33
2025-03-02 22:00,3.1,29.5,1006.0,0.47
2025-03-02 23:00,3.1,28.8,1005.0,0.43
2025-03-03 00:00,3.3,23.8,1002.0,0.27
2025-03-03 01:00,2.8,21.2,1001.0,0.43
2025-03-03 02:00,2.1,21.6,1001.0,0.93
2025-03-03 03:00,2.7,24.1,1001.0,0.19
2025-03-03 04:00,3.2,27.7,1001.0,0.13
2025-03-03 05:00,3.4,22.0,1001.0,0.15
2025-03-03 06:00,3.4,19.1,1001.0,0.11
2025-03-03 07:00,3.4,14.8,1001.0,0.09
2025-03-03 08:00,3.2,14.4,1000.0,0.1
2025-03-03 09:00,3.2,15.5,1000.0,0.05
2025-03-03 10:00,3.6,22.3,999.0,0.2
2025-03-03 11:00,1.9,26.6,1000.0,4.02
2025-03-03 12:00,2.5,26.3,1000.0,0.05
2025-03-03 13:00,3.0,28.1,999.0,0.07
2025-03-03 14:00,2.4,30.6,998.0,0.39
2025-03-03 15:00,1.7,29.2,998.0,0.75
2025-03-03 16:00,1.7,24.8,997.0,0.71
2025-03-03 17:00,1.4,18.7,995.0,0.66
2025-03-03 18:00,1.3,20.9,994.0,0.72
2025-03-03 19:00,1.0,25.2,993.0,0.97
2025-03-03 20:00,1.2,22.3,993.0,0.36
2025-03-03 21:00,1.6,28.1,992.0,0.32
2025-03-03 22:00,1.7,34.9,993.0,0.42
2025-03-03 23:00,0.6,34.6,993.0,0.16
2025-03-04 00:00,0.2,30.6,997.0,0.3
2025-03-04 01:00,-0.2,30.2,997.0,0.32
2025-03-04 02:00,-0.1,29.9,998.0,0.32
2025-03-04 03:00,-0.2,28.4,998.0,0.32
2025-03-04 04:00,-0.3,25.2,998.0,0.14
2025-03-04 05:00,-0.4,23.4,999.0,0.1
2025-03-04 06:00,-0.5,22.7,999.0,0.17
2025-03-04 07:00,-0.7,19.1,1000.0,0.32
2025-03-04 08:00,-0.8,17.6,1001.0,0.16
2025-03-04 09:00,-0.8,15.1,1002.0,0.14
2025-03-04 10:00,0.8,15.1,1003.0,0.09
2025-03-04 11:00,1.4,13.0,1003.0,0.03
2025-03-04 12:00,1.8,10.1,1003.0,0.04
2025-03-04 13:00,2.1,8.6,1003.0,0.04
2025-03-04 14:00,1.7,9.7,1003.0,0.12
2025-03-04 15:00,1.1,7.2,1002.0,0.24
2025-03-04 16:00,0.7,7.2,1000.0,0.22
2025-03-04 17:00,0.3,9.7,997.0,0.71
2025-03-04 18:00,0.1,7.9,997.0,1.23
2025-03-04 19:00,0.3,11.5,994.0,0.81
2025-03-04 20:00,0.1,9.4,992.0,1.81
2025-03-04 21:00,0.1,8.3,991.0,1.86
2025-03-04 22:00,-0.0,8.6,990.0,2.43
2025-03-04 23:00,0.2,7.9,990.0,3.09
2025-03-05 00:00,-0.2,19.4,992.0,1.03
2025-03-05 01:00,0.1,21.2,993.0,0.19
2025-03-05 02:00,0.5,17.6,992.0,0.09
2025-03-05 03:00,0.3,12.6,993.0,0.2
2025-03-05 04:00,0.4,11.2,992.0,0.07
2025-03-05 05:00,0.1,9.4,991.0,0.27
2025-03-05 06:00,0.0,9.4,991.0,0.38
2025-03-05 07:00,-0.2,11.9,991.0,1.62
2025-03-05 08:00,0.7,14.0,990.0,1.17
2025-03-05 09:00,2.4,19.1,991.0,1.15
2025-03-05 10:00,2.3,16.2,992.0,0.63
2025-03-05 11:00,2.1,12.6,992.0,1.21
2025-03-05 12:00,1.9,11.5,993.0,1.39
2025-03-05 13:00,1.9,11.2,993.0,1.19
2025-03-05 14:00,2.0,9.7,992.0,1.79
2025-03-05 15:00,1.5,9.4,993.0,2.15
2025-03-05 16:00,1.2,7.6,993.0,1.2
2025-03-05 17:00,1.4,7.6,992.0,1.53
2025-03-05 18:00,1.3,7.2,992.0,2.26
2025-03-05 19:00,1.0,6.1,991.0,1.96
2025-03-05 20:00,0.2,5.8,991.0,1.94
2025-03-05 21:00,-0.1,6.8,989.0,0.72
2025-03-05 22:00,0.4,7.6,989.0,1.51
2025-03-05 23:00,1.8,8.6,989.0,1.49
2025-03-06 00:00,2.6,9.4,990.0,3.58
2025-03-06 01:00,4.0,17.3,990.0,1.86
2025-03-06 02:00,4.9,24.8,989.0,0.19
2025-03-06 03:00,5.9,28.8,989.0,0.01
2025-03-06 04:00,6.0,28.4,988.0,0.02
2025-03-06 05:00,6.7,34.9,988.0,0.01
2025-03-06 06:00,6.4,37.8,989.0,0.01
2025-03-06 07:00,5.4,37.8,990.0,0.0
2025-03-06 08:00,5.1,35.6,992.0,0.0
2025-03-06 09:00,5.1,36.0,993.0,0.0
2025-03-06 10:00,5.2,37.1,995.0,0.0
2025-03-06 11:00,5.3,37.8,997.0,0.01
2025-03-06 12:00,5.3,37.1,998.0,0.02
2025-03-06 13:00,5.2,37.4,1000.0,0.01
2025-03-06 14:00,4.8,35.6,1002.0,0.04
2025-03-06 15:00,4.5,33.8,1003.0,0.08
2025-03-06 16:00,4.2,31.7,1004.0,0.01
2025-03-06 17:00,4.3,31.7,1005.0,0.0
2025-03-06 18:00,4.0,29.9,1006.0,0.0
2025-03-06 19:00,2.7,27.4,1007.0,0.0
2025-03-06 20:00,2.4,16.9,1008.0,0.01
2025-03-06 21:00,2.0,4.7,1009.0,0.02
2025-03-06 22:00,1.1,5.4,1010.0,0.0
2025-03-06 23:00,1.5,5.4,1011.0,0.0
2025-03-07 00:00,-0.4,6.5,1009.0,0.0
2025-03-07 01:00,-0.4,5.8,1009.0,0.0
2025-03-07 02:00,-0.4,5.4,1008.0,0.0
2025-03-07 03:00,0.9,6.1,1008.0,0.0
2025-03-07 04:00,0.4,5.8,1008.0,0.0
2025-03-07 05:00,-0.1,7.2,1008.0,0.0
2025-03-07 06:00,0.0,6.1,1008.0,0.0
2025-03-07 07:00,0.3,6.8,1008.0,0.12
2025-03-07 08:00,-0.7,6.1,1008.0,0.0
2025-03-07 09:00,0.9,7.2,1007.0,0.0
2025-03-07 10:00,2.7,5.8,1007.0,0.0
2025-03-07 11:00,3.3,4.7,1007.0,0.0
2025-03-07 12:00,3.8,3.6,1008.0,0.0
2025-03-07 13:00,4.2,4.0,1008.0,0.0
2025-03-07 14:00,4.0,3.2,1008.0,0.0
2025-03-07 15:00,3.4,2.9,1009.0,0.0
2025-03-07 16:00,2.0,3.2,1009.0,0.0
2025-03-07 17:00,0.8,1.8,1010.0,0.0
2025-03-07 18:00,0.3,5.8,1010.0,0.0
2025-03-07 19:00,0.6,5.0,1010.0,0.0
2025-03-07 20:00,1.0,3.6,1011.0,0.1
2025-03-07 21:00,1.5,5.0,1011.0,1.85
2025-03-07 22:00,1.8,5.4,1012.0,0.58
2025-03-07 23:00,1.4,1.4,1012.0,0.01
2025-03-08 00:00,3.4,24.1,1012.0,0.02
2025-03-08 01:00,4.0,25.2,1013.0,0.01
2025-03-08 02:00,3.4,23.8,1014.0,0.04
2025-03-08 03:00,3.0,22.3,1014.0,0.07
2025-03-08 04:00,3.2,20.2,1015.0,0.06
2025-03-08 05:00,3.1,17.3,1015.0,0.05
2025-03-08 06:00,2.2,13.0,1016.0,0.03
2025-03-08 07:00,1.7,9.7,1016.0,0.06
2025-03-08 08:00,2.3,8.3,1017.0,0.05
2025-03-08 09:00,2.8,9.0,1018.0,0.04
2025-03-08 10:00,3.1,8.6,1018.0,0.01
2025-03-08 11:00,3.8,7.9,1018.0,0.01
2025-03-08 12:00,4.5,7.2,1018.0,0.0
2025-03-08 13:00,4.6,5.4,1018.0,0.0
2025-03-08 14:00,4.4,2.2,1017.0,0.0
2025-03-08 15:00,4.2,0.7,1017.0,0.0
2025-03-08 16:00,3.7,1.4,1017.0,0.0
2025-03-08 17:00,3.0,2.9,1017.0,0.0
2025-03-08 18:00,2.2,4.3,1017.0,0.0
2025-03-08 19:00,1.3,5.4,1017.0,0.0
2025-03-08 20:00,-0.1,6.1,1016.0,0.0
2025-03-08 21:00,-0.2,5.8,1016.0,0.0
2025-03-08 22:00,-0.1,5.8,1016.0,0.0
2025-03-08 23:00,0.5,5.0,1016.0,0.0
2025-03-09 00:00,-0.2,5.8,1017.0,0.0
2025-03-09 01:00,-1.1,5.0,1017.0,0.0
2025-03-09 02:00,-1.3,4.3,1016.0,0.0
2025-03-09 03:00,-1.4,4.3,1016.0,0.0
2025-03-09 04:00,-1.3,4.0,1015.0,0.0
2025-03-09 05:00,0.3,4.7,1014.0,0.0
2025-03-09 06:00,0.4,4.7,1014.0,0.0
2025-03-09 07:00,0.5,4.7,1014.0,0.0
2025-03-09 08:00,0.6,4.3,1013.0,0.07
2025-03-09 09:00,0.9,4.3,1013.0,0.12
2025-03-09 10:00,1.2,4.7,1013.0,0.12
2025-03-09 11:00,1.4,5.4,1013.0,0.17
2025-03-09 12:00,1.4,6.8,1013.0,0.42
2025-03-09 13:00,1.4,7.6,1012.0,0.5
2025-03-09 14:00,1.3,7.2,1012.0,0.35
2025-03-09 15:00,1.4,7.2,1012.0,0.4
2025-03-09 16:00,1.3,7.2,1012.0,0.31
2025-03-09 17:00,0.8,6.8,1011.0,0.29
2025-03-09 18:00,0.0,6.8,1011.0,0.25
2025-03-09 19:00,-0.4,6.8,1011.0,0.27
2025-03-09 20:00,-1.2,6.5,1012.0,0.19
2025-03-09 21:00,-1.3,6.5,1012.0,0.16
2025-03-09 22:00,-1.4,5.8,1012.0,0.12
2025-03-09 23:00,-1.5,5.4,1012.0,0.16
2025-03-10 00:00,-1.0,7.2,1012.0,0.21
2025-03-10 01:00,-0.8,7.2,1012.0,0.34
2025-03-10 02:00,-0.7,6.8,1012.0,0.46
2025-03-10 03:00,-0.6,6.5,1012.0,0.41
2025-03-10 04:00,-0.7,6.5,1012.0,0.46
2025-03-10 05:00,-0.8,6.8,1012.0,0.45
2025-03-10 06:00,-0.9,6.1,1012.0,0.31
2025-03-10 07:00,-1.4,5.8,1012.0,0.14
2025-03-10 08:00,-1.3,5.0,1012.0,0.16
2025-03-10 09:00,-0.3,5.8,1013.0,0.09
2025-03-10 10:00,0.0,6.1,1013.0,0.11
2025-03-10 11:00,0.2,6.8,1013.0,0.07
2025-03-10 12:00,0.4,7.6,1013.0,0.04
2025-03-10 13:00,0.5,7.6,1013.0,0.02
2025-03-10 14:00,0.5,6.5,1012.0,0.01
2025-03-10 15:00,0.5,6.5,1012.0,0.0
2025-03-10 16:00,0.2,6.5,1012.0,0.0
2025-03-10 17:00,-1.4,4.0,1012.0,0.0
2025-03-10 18:00,-4.1,0.4,1012.0,0.0
2025-03-10 19:00,-5.4,1.8,1012.0,0.0
2025-03-10 20:00,-6.6,4.0,1012.0,0.0
2025-03-10 21:00,-7.2,5.0,1012.0,0.0
2025-03-10 22:00,-7.6,5.8,1012.0,0.0
2025-03-10 23:00,-7.6,5.4,1012.0,0.0
2025-03-11 00:00,-6.5,5.0,1012.0,0.0
2025-03-11 01:00,-6.7,4.7,1012.0,0.0
2025-03-11 02:00,-7.8,5.0,1011.0,0.0
2025-03-11 03:00,-7.5,4.3,1011.0,0.0
2025-03-11 04:00,-7.1,3.6,1010.0,0.0
2025-03-11 05:00,-7.0,3.6,1010.0,0.0
2025-03-11 06:00,-6.4,4.0,1010.0,0.0
2025-03-11 07:00,-6.8,3.6,1010.0,0.0
2025-03-11 08:00,-6.3,3.6,1010.0,0.0
2025-03-11 09:00,-4.5,3.2,1010.0,0.0
2025-03-11 10:00,-2.9,4.3,1010.0,0.0
2025-03-11 11:00,-2.0,5.0,1010.0,0.0
2025-03-11 12:00,-1.3,6.1,1009.0,0.0
2025-03-11 13:00,-0.8,6.8,1009.0,0.0
2025-03-11 14:00,-0.5,8.3,1008.0,0.0
2025-03-11 15:00,-0.5,8.6,1008.0,0.0
2025-03-11 16:00,-1.3,7.2,1008.0,0.0
2025-03-11 17:00,-3.2,5.0,1009.0,0.0
2025-03-11 18:00,-6.2,5.8,1010.0,0.0
2025-03-11 19:00,-7.4,6.8,1010.0,0.0
2025-03-11 20:00,-8.2,7.6,1011.0,0.0
2025-03-11 21:00,-8.5,7.2,1011.0,0.0
2025-03-11 22:00,-8.5,7.2,1011.0,0.0
2025-03-11 23:00,-8.0,7.2,1011.0,0.0
2025-03-12 00:00,-9.7,5.0,1007.0,0.0
2025-03-12 01:00,-9.9,4.7,1007.0,0.0
2025-03-12 02:00,-9.6,5.0,1007.0,0.0
2025-03-12 03:00,-9.8,5.0,1007.0,0.0
2025-03-12 04:00,-10.3,5.0,1007.0,0.0
2025-03-12 05:00,-10.4,5.4,1007.0,0.0
2025-03-12 06:00,-10.5,5.4,1007.0,0.0
2025-03-12 07:00,-10.6,5.4,1007.0,0.0
2025-03-12 08:00,-9.0,5.0,1006.0,0.0
2025-03-12 09:00,-7.2,4.0,1006.0,0.0
2025-03-12 10:00,-4.5,2.5,1006.0,0.0
2025-03-12 11:00,-2.4,2.2,1005.0,0.0
2025-03-12 12:00,-1.4,1.8,1005.0,0.0
2025-03-12 13:00,-0.7,2.2,1005.0,0.0
2025-03-12 14:00,-0.3,2.2,1004.0,0.0
2025-03-12 15:00,-0.7,1.8,1004.0,0.0
2025-03-12 16:00,-2.2,1.8,1004.0,0.0
2025-03-12 17:00,-3.5,2.5,1004.0,0.0
2025-03-12 18:00,-5.7,2.5,1004.0,0.0
2025-03-12 19:00,-6.5,3.6,1005.0,0.0
2025-03-12 20:00,-6.2,4.3,1005.0,0.0
2025-03-12 21:00,-6.1,5.0,1005.0,0.0
2025-03-12 22:00,-6.2,5.4,1005.0,0.0
2025-03-12 23:00,-6.5,5.4,1005.0,0.0
2025-03-13 00:00,-10.2,5.8,1006.0,0.0
2025-03-13 01:00,-10.5,5.4,1006.0,0.0
2025-03-13 02:00,-10.7,5.0,1006.0,0.0
2025-03-13 03:00,-11.0,5.0,1006.0,0.0
2025-03-13 04:00,-11.3,5.0,1006.0,0.0
2025-03-13 05:00,-11.4,5.0,1006.0,0.0
2025-03-13 06:00,-11.7,5.0,1006.0,0.0
2025-03-13 07:00,-11.8,5.0,1006.0,0.0
2025-03-13 08:00,-10.2,4.0,1006.0,0.0
2025-03-13 09:00,-7.8,2.9,1006.0,0.0
2025-03-13 10:00,-5.5,1.8,1006.0,0.0
2025-03-13 11:00,-3.9,0.4,1006.0,0.0
2025-03-13 12:00,-3.1,1.1,1006.0,0.0
2025-03-13 13:00,-2.5,2.2,1006.0,0.0
2025-03-13 14:00,-2.2,2.5,1005.0,0.0
2025-03-13 15:00,-2.2,2.2,1005.0,0.0
2025-03-13 16:00,-2.5,2.2,1005.0,0.0
2025-03-13 17:00,-3.5,2.2,1005.0,0.0
2025-03-13 18:00,-6.0,3.2,1005.0,0.0
2025-03-13 19:00,-7.3,5.0,1006.0,0.0
2025-03-13 20:00,-7.7,6.1,1007.0,0.0
2025-03-13 21:00,-7.9,6.8,1007.0,0.0
2025-03-13 22:00,-7.8,7.2,1007.0,0.0
2025-03-13 23:00,-7.4,7.6,1007.0,0.0
2025-03-14 00:00,-2.4,7.6,1004.0,0.45
2025-03-14 01:00,-1.3,6.1,1004.0,0.27
2025-03-14 02:00,-2.3,5.0,1005.0,0.12
2025-03-14 03:00,-2.5,5.4,1006.0,0.18
2025-03-14 04:00,-2.8,5.0,1006.0,0.08
2025-03-14 05:00,-3.9,3.2,1007.0,0.04
2025-03-14 06:00,-4.6,1.4,1007.0,0.01
2025-03-14 07:00,-4.9,2.2,1008.0,0.0
2025-03-14 08:00,-3.7,2.5,1009.0,0.0
2025-03-14 09:00,-2.0,2.9,1009.0,0.01
2025-03-14 10:00,-1.4,4.7,1010.0,0.12
2025-03-14 11:00,-1.1,4.0,1010.0,0.22
2025-03-14 12:00,-0.0,7.2,1010.0,0.09
2025-03-14 13:00,0.6,10.4,1011.0,0.12
2025-03-14 14:00,0.9,12.6,1011.0,0.13
2025-03-14 15:00,1.0,14.4,1011.0,0.15
2025-03-14 16:00,0.6,14.8,1011.0,0.13
2025-03-14 17:00,0.2,15.1,1012.0,0.11
2025-03-14 18:00,-0.3,15.8,1012.0,0.06
2025-03-14 19:00,-0.1,16.6,1012.0,0.01
2025-03-14 20:00,-0.3,19.4,1012.0,0.01
2025-03-14 21:00,-0.4,22.3,1012.0,0.05
2025-03-14 22:00,-0.4,24.1,1012.0,0.15
2025-03-14 23:00,-0.6,24.5,1012.0,0.28
2025-03-15 00:00,-1.0,26.3,1010.0,0.26
2025-03-15 01:00,-0.9,27.0,1010.0,0.26
2025-03-15 02:00,-0.6,28.4,1010.0,0.28
2025-03-15 03:00,-0.4,30.6,1009.0,0.25
2025-03-15 04:00,0.3,31.3,1009.0,0.17
2025-03-15 05:00,0.8,32.0,1008.0,0.18
2025-03-15 06:00,1.2,32.8,1008.0,0.26
2025-03-15 07:00,1.7,32.8,1008.0,0.32
2025-03-15 08:00,2.3,33.1,1008.0,0.13
2025-03-15 09:00,2.8,33.8,1008.0,0.04
2025-03-15 10:00,3.2,34.2,1008.0,0.02
2025-03-15 11:00,3.6,33.8,1007.0,0.03
2025-03-15 12:00,3.9,32.8,1007.0,0.08
2025-03-15 13:00,4.1,32.0,1007.0,0.04
2025-03-15 14:00,3.7,34.2,1006.0,0.07
2025-03-15 15:00,3.3,35.6,1006.0,0.95
2025-03-15 16:00,3.2,27.7,1007.0,0.42
2025-03-15 17:00,2.9,28.8,1007.0,0.63
2025-03-15 18:00,1.9,32.8,1007.0,0.73
2025-03-15 19:00,2.2,29.5,1008.0,0.08
2025-03-15 20:00,2.2,30.2,1009.0,0.05
2025-03-15 21:00,1.7,31.3,1010.0,0.86
2025-03-15 22:00,0.9,20.9,1011.0,1.16
2025-03-15 23:00,0.6,11.5,1012.0,0.9
2025-03-16 00:00,-4.4,15.8,1016.0,0.21
2025-03-16 01:00,-4.6,16.9,1017.0,0.27
2025-03-16 02:00,-4.3,16.9,1018.0,0.19
2025-03-16 03:00,-4.4,18.4,1018.0,0.16
2025-03-16 04:00,-4.1,17.6,1019.0,0.14
2025-03-16 05:00,-4.1,17.3,1020.0,0.13
2025-03-16 06:00,-4.3,15.1,1020.0,0.1
2025-03-16 07:00,-4.2,10.8,1021.0,0.02
2025-03-16 08:00,-4.1,14.0,1022.0,0.15
2025-03-16 09:00,-1.5,16.9,1022.0,0.24
2025-03-16 10:00,-0.7,19.1,1023.0,0.32
2025-03-16 11:00,-0.4,19.4,1023.0,0.42
2025-03-16 12:00,0.6,18.4,1024.0,0.25
2025-03-16 13:00,0.9,20.9,1025.0,0.31
2025-03-16 14:00,1.0,17.6,1025.0,0.3
2025-03-16 15:00,0.9,18.7,1026.0,0.26
2025-03-16 16:00,0.6,15.8,1026.0,0.2
2025-03-16 17:00,-0.1,13.7,1027.0,0.19
2025-03-16 18:00,-2.2,5.0,1027.0,0.06
2025-03-16 19:00,-3.6,3.6,1028.0,0.02
2025-03-16 20:00,-3.9,4.7,1029.0,0.03
2025-03-16 21:00,-4.0,5.4,1029.0,0.02
2025-03-16 22:00,-3.9,6.8,1029.0,0.01
2025-03-16 23:00,-2.8,7.6,1029.0,0.1
