Tidspunkt,mean(air_temperature P1D),mean(air_pressure_at_sea_level P1D),sum(precipitation_amount P1D),mean(wind_speed P1D)
2020-03-10 00:00:00+00:00,3.6,988.7,0.4,3.0
2020-03-11 00:00:00+00:00,4.5,980.6,0.1,3.0
2020-03-12 00:00:00+00:00,3.9,980.5,0.1,2.0
2020-03-13 00:00:00+00:00,0.0,1005.4,6.7,3.1
2020-03-14 00:00:00+00:00,-3.8,1011.1,4.5,3.9
2020-03-15 00:00:00+00:00,0.2,993.4,0.0,4.7
2020-03-16 00:00:00+00:00,3.2,1008.4,0.4,3.1
2020-03-17 00:00:00+00:00,3.8,1000.4,0.0,4.9
2020-03-18 00:00:00+00:00,3.4,1001.3,0.2,4.8
2020-03-19 00:00:00+00:00,2.8,1016.2,2.2,3.3
2020-03-20 00:00:00+00:00,0.6,1031.3,1.2,2.1
2020-03-21 00:00:00+00:00,-0.6,1036.3,3.1,2.3
2020-03-22 00:00:00+00:00,-0.2,1030.1,0.0,2.3
2020-03-23 00:00:00+00:00,3.0,1019.1,0.0,4.2
2020-03-24 00:00:00+00:00,7.2,1010.5,0.0,2.1
2020-03-25 00:00:00+00:00,5.2,1013.9,1.3,2.3
2020-03-26 00:00:00+00:00,3.3,1024.7,4.0,2.5
2020-03-27 00:00:00+00:00,4.7,1023.5,0.0,3.8
2020-03-28 00:00:00+00:00,3.7,1029.4,1.9,3.5
2020-03-29 00:00:00+00:00,-2.1,1027.3,8.8,3.3
2020-03-30 00:00:00+00:00,-0.4,1028.4,9.7,2.4
2020-03-31 00:00:00+00:00,1.4,1013.8,1.5,6.1
2020-04-01 00:00:00+00:00,3.0,997.7,4.5,3.8
2020-04-02 00:00:00+00:00,2.4,978.3,5.3,3.8
2020-04-03 00:00:00+00:00,0.0,995.4,3.1,3.9
2020-04-04 00:00:00+00:00,-2.0,1013.9,6.5,3.4
2020-04-05 00:00:00+00:00,-2.7,1021.2,3.7,1.2
2020-04-06 00:00:00+00:00,3.4,1012.4,0.0,2.9
2020-04-07 00:00:00+00:00,9.7,1018.7,0.9,3.5
2020-04-08 00:00:00+00:00,8.5,1011.4,0.0,5.0
2020-04-09 00:00:00+00:00,2.9,1018.0,5.7,4.6
2020-04-10 00:00:00+00:00,1.9,1024.2,5.0,2.5
2020-04-11 00:00:00+00:00,0.7,1015.1,5.1,2.0
2020-04-12 00:00:00+00:00,5.3,997.3,2.1,4.6
2020-04-13 00:00:00+00:00,1.5,1013.9,8.9,4.8
2020-04-14 00:00:00+00:00,0.1,1008.8,5.6,4.1
2020-04-15 00:00:00+00:00,4.0,999.4,5.2,4.6
2020-04-16 00:00:00+00:00,2.5,1011.0,19.8,4.2
2020-04-17 00:00:00+00:00,2.1,1022.5,4.6,3.3
2020-04-18 00:00:00+00:00,3.3,1026.3,0.5,2.7
2020-04-19 00:00:00+00:00,3.6,1030.1,0.8,1.9
2020-04-20 00:00:00+00:00,6.2,1034.5,0.0,1.6
2020-04-21 00:00:00+00:00,5.2,1035.1,0.3,1.3
2020-04-22 00:00:00+00:00,8.4,1031.7,0.0,1.9
2020-04-23 00:00:00+00:00,8.5,1023.9,0.2,2.1
2020-04-24 00:00:00+00:00,4.4,1014.9,1.9,2.7
2020-04-25 00:00:00+00:00,4.7,1012.2,1.2,3.2
2020-04-26 00:00:00+00:00,3.6,1010.2,0.8,1.7
2020-04-27 00:00:00+00:00,4.4,1009.3,0.0,2.5
2020-04-28 00:00:00+00:00,5.9,1008.3,0.0,2.7
2020-04-29 00:00:00+00:00,5.5,1006.9,0.1,2.0
2020-04-30 00:00:00+00:00,7.1,1005.7,0.0,3.5
2020-05-01 00:00:00+00:00,6.9,1000.4,0.0,2.8
2020-05-02 00:00:00+00:00,6.5,1001.4,0.0,2.6
2020-05-03 00:00:00+00:00,5.4,1010.5,3.6,3.2
2020-05-04 00:00:00+00:00,3.5,1018.6,2.1,3.7
2020-05-05 00:00:00+00:00,3.7,1018.1,1.4,4.9
2020-05-06 00:00:00+00:00,6.0,1015.7,3.4,4.5
2020-05-07 00:00:00+00:00,4.5,1015.9,7.2,3.3
2020-05-08 00:00:00+00:00,5.3,1009.1,0.8,3.1
2020-05-09 00:00:00+00:00,4.0,1010.5,1.4,2.7
2020-05-10 00:00:00+00:00,3.8,1010.8,1.0,2.9
2020-05-11 00:00:00+00:00,0.4,1009.3,7.5,3.5
2020-05-12 00:00:00+00:00,0.9,1006.4,6.5,2.2
2020-05-13 00:00:00+00:00,1.1,1011.2,8.7,2.5
2020-05-14 00:00:00+00:00,0.6,1009.4,4.1,3.4
2020-05-15 00:00:00+00:00,1.0,1004.5,6.2,3.9
2020-05-16 00:00:00+00:00,1.2,997.6,4.3,4.6
2020-05-17 00:00:00+00:00,4.0,1004.4,0.5,2.9
2020-05-18 00:00:00+00:00,4.6,1013.8,2.9,2.9
2020-05-19 00:00:00+00:00,3.5,1018.1,10.0,2.2
2020-05-20 00:00:00+00:00,4.2,1024.2,0.8,2.3
2020-05-21 00:00:00+00:00,6.8,1022.7,0.1,1.6
2020-05-22 00:00:00+00:00,10.6,1014.1,0.0,3.6
2020-05-23 00:00:00+00:00,14.0,1004.1,0.1,4.3
2020-05-24 00:00:00+00:00,12.8,1008.7,0.0,3.1
2020-05-25 00:00:00+00:00,12.4,1027.9,0.4,1.9
2020-05-26 00:00:00+00:00,10.8,1028.4,0.3,1.8
2020-05-27 00:00:00+00:00,10.5,1029.0,1.4,3.7
2020-05-28 00:00:00+00:00,7.8,1031.9,2.4,4.2
2020-05-29 00:00:00+00:00,8.6,1032.4,0.0,1.8
2020-05-30 00:00:00+00:00,11.6,1033.7,0.0,2.1
2020-05-31 00:00:00+00:00,15.3,1032.0,0.3,1.6
2020-06-01 00:00:00+00:00,18.2,1027.6,0.0,1.9
2020-06-02 00:00:00+00:00,16.3,1019.6,0.0,2.1
2020-06-03 00:00:00+00:00,13.3,1011.0,0.0,2.4
2020-06-04 00:00:00+00:00,10.4,1000.6,9.6,2.4
2020-06-05 00:00:00+00:00,16.3,996.6,0.1,2.6
2020-06-06 00:00:00+00:00,16.5,992.4,0.2,2.5
2020-06-07 00:00:00+00:00,13.4,999.4,7.7,3.6
2020-06-08 00:00:00+00:00,7.2,1015.5,2.4,2.8
2020-06-09 00:00:00+00:00,7.5,1018.8,0.2,2.1
2020-06-10 00:00:00+00:00,12.4,1021.7,0.3,1.7
2020-06-11 00:00:00+00:00,15.5,1028.0,0.3,1.8
2020-06-12 00:00:00+00:00,15.2,1024.5,0.0,2.2
2020-06-13 00:00:00+00:00,20.9,1022.1,0.1,3.1
2020-06-14 00:00:00+00:00,19.9,1020.8,0.3,2.0
2020-06-15 00:00:00+00:00,20.0,1020.7,0.1,1.4
2020-06-16 00:00:00+00:00,16.8,1017.2,0.0,2.0
2020-06-17 00:00:00+00:00,21.0,1013.9,0.0,1.9
2020-06-18 00:00:00+00:00,-100.0,1015.6,0.0,2.3
2020-06-19 00:00:00+00:00,19.0,1017.5,0.1,2.2
2020-06-20 00:00:00+00:00,20.8,1016.6,0.1,2.0
2020-06-21 00:00:00+00:00,25.8,1016.1,0.0,2.8
2020-06-22 00:00:00+00:00,23.6,1017.0,0.0,1.8
2020-06-23 00:00:00+00:00,16.9,1021.4,0.0,1.9
2020-06-24 00:00:00+00:00,17.3,1024.3,0.0,1.5
2020-06-25 00:00:00+00:00,20.5,1025.2,0.0,1.6
2020-06-26 00:00:00+00:00,19.8,1017.6,0.0,1.7
2020-06-27 00:00:00+00:00,22.5,1009.7,0.0,2.1
2020-06-28 00:00:00+00:00,50.0,1005.3,0.0,2.5
2020-06-29 00:00:00+00:00,21.1,1001.9,9.7,1.9
2020-06-30 00:00:00+00:00,14.0,995.7,0.7,2.6
2020-07-01 00:00:00+00:00,10.4,998.9,0.3,3.0
2020-07-02 00:00:00+00:00,9.2,1002.5,0.0,1.9
2020-07-03 00:00:00+00:00,10.6,1003.6,0.0,2.6
2020-07-04 00:00:00+00:00,8.8,1003.0,3.1,2.2
2020-07-05 00:00:00+00:00,12.1,991.5,0.2,2.6
2020-07-06 00:00:00+00:00,13.6,991.5,6.5,3.9
2020-07-07 00:00:00+00:00,10.4,1004.5,7.0,2.9
2020-07-08 00:00:00+00:00,10.1,1007.8,2.4,2.8
2020-07-09 00:00:00+00:00,10.4,1010.9,0.3,3.0
2020-07-10 00:00:00+00:00,10.7,1009.4,0.5,2.0
2020-07-11 00:00:00+00:00,12.2,1011.5,2.5,3.2
2020-07-12 00:00:00+00:00,11.0,1016.0,1.8,3.0
2020-07-13 00:00:00+00:00,9.5,1017.0,3.7,2.1
2020-07-14 00:00:00+00:00,12.3,1009.7,0.0,1.8
2020-07-15 00:00:00+00:00,14.4,1009.9,0.2,1.6
2020-07-16 00:00:00+00:00,16.9,1011.3,0.1,1.8
2020-07-17 00:00:00+00:00,17.2,1010.6,0.4,1.7
2020-07-18 00:00:00+00:00,13.2,1010.4,4.7,1.9
2020-07-19 00:00:00+00:00,15.4,1011.8,3.6,2.1
2020-07-20 00:00:00+00:00,13.7,1013.7,5.6,1.7
2020-07-21 00:00:00+00:00,11.6,1014.9,0.2,3.2
2020-07-22 00:00:00+00:00,9.8,1016.1,1.0,3.5
2020-07-23 00:00:00+00:00,9.7,1013.1,2.7,3.2
2020-07-24 00:00:00+00:00,10.2,1007.1,1.8,2.5
2020-07-25 00:00:00+00:00,9.6,1006.6,16.0,2.1
2020-07-26 00:00:00+00:00,10.9,1003.7,0.0,2.2
2020-07-27 00:00:00+00:00,17.9,1007.3,4.1,2.5
2020-07-28 00:00:00+00:00,15.6,1002.5,8.9,2.4
2020-07-29 00:00:00+00:00,17.8,999.2,0.5,2.1
2020-07-30 00:00:00+00:00,16.9,1010.0,0.0,2.7
2020-07-31 00:00:00+00:00,14.6,1018.9,0.3,2.0
2020-08-01 00:00:00+00:00,14.7,1012.7,0.3,1.3
2020-08-02 00:00:00+00:00,18.9,1004.2,0.3,1.7
2020-08-03 00:00:00+00:00,16.0,1005.3,26.2,3.0
2020-08-04 00:00:00+00:00,11.1,1007.8,5.4,1.3
2020-08-05 00:00:00+00:00,12.1,1004.9,0.3,2.0
2020-08-06 00:00:00+00:00,15.8,1016.3,0.2,1.2
2020-08-07 00:00:00+00:00,16.9,1019.8,0.2,1.4
2020-08-08 00:00:00+00:00,20.0,1020.1,0.3,2.1
2020-08-09 00:00:00+00:00,14.7,1027.0,6.8,1.4
2020-08-10 00:00:00+00:00,12.9,1024.3,0.0,1.4
2020-08-11 00:00:00+00:00,16.6,1025.0,0.0,1.2
2020-08-12 00:00:00+00:00,15.9,1022.6,0.1,1.2
2020-08-13 00:00:00+00:00,15.2,1016.4,0.3,1.4
2020-08-14 00:00:00+00:00,16.0,1014.7,0.5,1.4
2020-08-15 00:00:00+00:00,14.9,1016.0,0.0,2.2
2020-08-16 00:00:00+00:00,15.0,1018.4,0.2,1.5
2020-08-17 00:00:00+00:00,13.6,1014.7,0.1,1.7
2020-08-18 00:00:00+00:00,14.7,1008.3,0.4,1.3
2020-08-19 00:00:00+00:00,18.5,1006.7,0.3,1.5
2020-08-20 00:00:00+00:00,17.5,1007.4,8.5,1.6
2020-08-21 00:00:00+00:00,16.9,1001.8,0.1,3.2
2020-08-22 00:00:00+00:00,21.5,992.8,0.1,3.2
2020-08-23 00:00:00+00:00,16.4,999.4,10.2,2.8
2020-08-24 00:00:00+00:00,9.1,1002.7,2.3,5.0
2020-08-25 00:00:00+00:00,9.3,1002.5,0.9,4.6
2020-08-26 00:00:00+00:00,10.0,1005.7,1.9,1.9
2020-08-27 00:00:00+00:00,10.6,1011.8,0.3,1.4
2020-08-28 00:00:00+00:00,9.8,1010.1,0.1,1.2
2020-08-29 00:00:00+00:00,12.0,1009.7,0.2,1.4
2020-08-30 00:00:00+00:00,10.9,1014.7,4.9,2.1
2020-08-31 00:00:00+00:00,8.1,1020.9,0.5,1.5
2020-09-01 00:00:00+00:00,8.6,1020.5,0.0,1.6
2020-09-02 00:00:00+00:00,12.0,1016.8,0.2,2.6
2020-09-03 00:00:00+00:00,15.8,1006.9,0.1,4.1
2020-09-04 00:00:00+00:00,16.0,1001.9,1.4,2.0
2020-09-05 00:00:00+00:00,12.1,999.6,9.0,1.4
2020-09-06 00:00:00+00:00,10.1,1007.0,0.2,1.9
2020-09-07 00:00:00+00:00,10.1,1005.5,0.0,2.7
2020-09-08 00:00:00+00:00,11.9,1001.8,5.6,3.4
2020-09-09 00:00:00+00:00,10.8,1001.9,2.6,3.0
2020-09-10 00:00:00+00:00,8.7,1009.8,3.7,4.1
2020-09-11 00:00:00+00:00,7.4,1000.9,1.1,2.7
2020-09-12 00:00:00+00:00,11.8,996.0,0.6,1.8
2020-09-13 00:00:00+00:00,10.0,1003.8,3.6,3.8
2020-09-14 00:00:00+00:00,9.3,1016.6,5.9,1.5
2020-09-15 00:00:00+00:00,9.7,1019.1,0.0,2.4
2020-09-16 00:00:00+00:00,8.6,1024.3,25.0,2.9
2020-09-17 00:00:00+00:00,8.1,1027.2,0.2,1.6
2020-09-18 00:00:00+00:00,10.0,1021.6,0.6,3.8
2020-09-19 00:00:00+00:00,10.4,1024.6,4.8,2.5
2020-09-20 00:00:00+00:00,7.9,1014.7,0.3,2.8
2020-09-21 00:00:00+00:00,10.9,1001.8,10.0,3.3
2020-09-22 00:00:00+00:00,10.1,1000.4,9.8,1.9
2020-09-23 00:00:00+00:00,9.2,996.3,1.9,2.5
2020-09-24 00:00:00+00:00,8.3,991.1,5.0,4.4
2020-09-25 00:00:00+00:00,10.6,1005.6,1.2,4.2
2020-09-26 00:00:00+00:00,7.5,1017.6,ukjent,2.9
2020-09-27 00:00:00+00:00,6.8,1016.4,0.1,2.2
2020-09-28 00:00:00+00:00,11.9,1011.8,0.0,1.3
2020-09-29 00:00:00+00:00,15.5,1012.6,0.2,1.1
2020-09-30 00:00:00+00:00,12.3,1012.0,0.0,2.0
2020-10-01 00:00:00+00:00,14.2,1014.0,0.0,3.2
2020-10-02 00:00:00+00:00,13.8,1017.4,0.1,2.0
2020-10-03 00:00:00+00:00,12.5,1015.8,0.0,2.0
2020-10-04 00:00:00+00:00,13.0,1007.7,0.0,2.7
2020-10-05 00:00:00+00:00,13.5,1004.3,2.1,1.7
2020-10-06 00:00:00+00:00,11.6,1000.6,0.6,2.2
2020-10-07 00:00:00+00:00,11.5,996.8,0.9,1.5
2020-10-08 00:00:00+00:00,10.3,1000.6,1.6,1.1
2020-10-09 00:00:00+00:00,9.3,1004.0,6.3,1.7
2020-10-10 00:00:00+00:00,7.8,1012.7,2.2,1.2
2020-10-11 00:00:00+00:00,8.0,1014.8,0.0,1.7
2020-10-12 00:00:00+00:00,8.5,1014.2,1.1,2.0
2020-10-13 00:00:00+00:00,6.7,1024.3,4.9,1.9
2020-10-14 00:00:00+00:00,6.6,1032.7,0.4,1.6
2020-10-15 00:00:00+00:00,6.0,1030.2,0.0,2.8
2020-10-16 00:00:00+00:00,6.5,1026.7,1.6,2.5
2020-10-17 00:00:00+00:00,7.0,1013.2,1.4,5.0
2020-10-18 00:00:00+00:00,4.7,1010.8,5.5,3.3
2020-10-19 00:00:00+00:00,3.2,1014.8,4.7,2.3
2020-10-20 00:00:00+00:00,1.2,1008.9,0.8,2.1
2020-10-21 00:00:00+00:00,2.3,1000.0,0.7,1.3
2020-10-22 00:00:00+00:00,2.5,999.8,0.6,1.5
2020-10-23 00:00:00+00:00,0.6,1003.5,1.4,2.4
2020-10-24 00:00:00+00:00,-0.4,999.9,0.0,1.0
2020-10-25 00:00:00+00:00,2.5,989.3,0.9,2.4
2020-10-26 00:00:00+00:00,7.1,994.3,5.1,2.1
2020-10-27 00:00:00+00:00,6.4,992.7,0.0,1.0
2020-10-28 00:00:00+00:00,3.7,989.9,0.0,1.1
2020-10-29 00:00:00+00:00,4.6,999.3,0.4,1.7
2020-10-30 00:00:00+00:00,4.5,1007.8,1.4,2.4
2020-10-31 00:00:00+00:00,6.1,1011.7,3.7,2.2
2020-11-01 00:00:00+00:00,7.6,993.5,0.0,5.3
2020-11-02 00:00:00+00:00,11.7,979.4,0.0,4.1
2020-11-03 00:00:00+00:00,8.9,998.9,0.4,2.5
2020-11-04 00:00:00+00:00,6.1,1006.7,0.0,4.2
2020-11-05 00:00:00+00:00,6.0,1008.0,2.5,7.4
2020-11-06 00:00:00+00:00,10.2,1018.6,7.4,4.5
2020-11-07 00:00:00+00:00,9.6,1017.9,0.2,2.3
2020-11-08 00:00:00+00:00,5.8,1023.4,2.3,2.3
2020-11-09 00:00:00+00:00,4.9,1027.0,0.4,1.4
2020-11-10 00:00:00+00:00,5.2,1026.6,0.0,0.6
2020-11-11 00:00:00+00:00,4.2,1020.1,0.8,0.8
2020-11-12 00:00:00+00:00,2.2,1013.2,0.0,2.4
2020-11-13 00:00:00+00:00,7.3,1007.5,0.0,4.4
2020-11-14 00:00:00+00:00,7.7,1004.2,0.0,3.6
2020-11-15 00:00:00+00:00,7.6,998.2,0.0,3.4
2020-11-16 00:00:00+00:00,11.1,991.7,0.4,4.5
2020-11-17 00:00:00+00:00,10.6,996.5,0.0,3.6
2020-11-18 00:00:00+00:00,6.6,997.7,2.3,1.6
2020-11-19 00:00:00+00:00,1.4,995.4,19.5,3.9
2020-11-20 00:00:00+00:00,0.1,1016.1,8.5,3.1
2020-11-21 00:00:00+00:00,0.9,992.2,5.4,4.7
2020-11-22 00:00:00+00:00,3.9,987.7,1.4,6.5
2020-11-23 00:00:00+00:00,3.9,1004.3,24.8,4.1
2020-11-24 00:00:00+00:00,2.6,1003.2,6.4,1.6
2020-11-25 00:00:00+00:00,2.9,1000.4,0.1,2.3
2020-11-26 00:00:00+00:00,4.4,1012.6,2.8,2.8
2020-11-27 00:00:00+00:00,2.5,1020.9,0.1,1.8
2020-11-28 00:00:00+00:00,-2.0,1025.4,0.0,1.2
2020-11-29 00:00:00+00:00,-2.4,1024.3,0.0,1.0
2020-11-30 00:00:00+00:00,-2.3,1008.4,0.0,1.5
2020-12-01 00:00:00+00:00,2.1,1018.7,1.6,1.9
2020-12-02 00:00:00+00:00,0.5,1008.7,0.0,2.3
2020-12-03 00:00:00+00:00,3.3,999.0,1.3,4.2
2020-12-04 00:00:00+00:00,3.4,1000.8,0.0,3.0
2020-12-05 00:00:00+00:00,2.7,1006.0,0.0,1.8
2020-12-06 00:00:00+00:00,-0.3,1010.2,0.0,1.5
2020-12-07 00:00:00+00:00,0.8,1011.1,0.0,1.6
2020-12-08 00:00:00+00:00,3.8,1010.8,0.5,2.5
2020-12-09 00:00:00+00:00,4.6,1012.7,0.0,2.6
2020-12-10 00:00:00+00:00,2.9,1012.4,0.0,2.4
2020-12-11 00:00:00+00:00,3.4,1009.9,0.0,2.8
2020-12-12 00:00:00+00:00,1.2,1011.0,0.0,1.4
2020-12-13 00:00:00+00:00,-0.3,1011.6,0.0,0.9
2020-12-14 00:00:00+00:00,-0.6,1004.9,0.0,3.4
2020-12-15 00:00:00+00:00,4.0,1001.8,0.0,1.7
2020-12-16 00:00:00+00:00,2.9,1009.1,0.2,2.3
2020-12-17 00:00:00+00:00,3.1,1008.2,1.1,2.3
2020-12-18 00:00:00+00:00,4.8,1006.5,0.0,1.7
2020-12-19 00:00:00+00:00,1.3,1001.7,0.0,2.7
2020-12-20 00:00:00+00:00,7.2,1001.0,0.2,4.9
2020-12-21 00:00:00+00:00,8.0,1002.2,0.0,3.9
2020-12-22 00:00:00+00:00,5.7,996.0,0.0,3.0
2020-12-23 00:00:00+00:00,4.2,1002.5,1.5,3.1
2020-12-24 00:00:00+00:00,2.1,1014.6,6.8,2.6
2020-12-25 00:00:00+00:00,0.7,1017.2,2.5,2.1
2020-12-26 00:00:00+00:00,-0.9,996.8,0.2,1.7
2020-12-27 00:00:00+00:00,0.6,976.1,0.0,5.3
2020-12-28 00:00:00+00:00,5.3,988.1,0.0,3.4
2020-12-29 00:00:00+00:00,4.2,994.2,0.0,2.0
2020-12-30 00:00:00+00:00,3.0,998.4,0.0,1.7
2020-12-31 00:00:00+00:00,-0.1,1003.6,0.3,1.3
2021-01-01 00:00:00+00:00,-4.5,1009.6,0.2,1.6
2021-01-02 00:00:00+00:00,-3.8,1018.4,0.0,1.3
2021-01-03 00:00:00+00:00,-4.2,1033.3,0.0,1.8
2021-01-04 00:00:00+00:00,-9.4,1036.2,0.0,1.0
2021-01-05 00:00:00+00:00,-8.4,1032.3,0.0,1.1
2021-01-06 00:00:00+00:00,-5.2,1023.9,0.0,1.2
2021-01-07 00:00:00+00:00,-9.0,1017.2,0.0,0.7
2021-01-08 00:00:00+00:00,-10.1,1018.7,0.0,0.8
2021-01-09 00:00:00+00:00,-8.6,1011.4,0.0,1.4
2021-01-10 00:00:00+00:00,-3.5,1005.7,1.1,2.9
2021-01-11 00:00:00+00:00,-4.0,998.7,1.3,1.1
2021-01-12 00:00:00+00:00,-6.8,993.0,4.2,4.8
2021-01-13 00:00:00+00:00,-4.0,1018.7,4.7,1.7
2021-01-14 00:00:00+00:00,-11.5,1028.3,0.0,1.6
2021-01-15 00:00:00+00:00,-13.2,1030.6,0.0,1.5
2021-01-16 00:00:00+00:00,-8.5,1020.1,0.0,1.2
2021-01-17 00:00:00+00:00,-7.0,1011.6,0.0,0.7
2021-01-18 00:00:00+00:00,-7.4,1006.5,0.0,1.0
2021-01-19 00:00:00+00:00,-6.6,1000.0,0.0,1.3
2021-01-20 00:00:00+00:00,-2.2,994.8,0.0,2.5
2021-01-21 00:00:00+00:00,0.1,976.9,0.2,3.0
2021-01-22 00:00:00+00:00,2.7,969.3,0.3,4.0
2021-01-23 00:00:00+00:00,3.2,980.9,0.0,1.6
2021-01-24 00:00:00+00:00,-0.2,993.8,6.5,2.8
2021-01-25 00:00:00+00:00,-2.5,1002.1,0.7,2.6
2021-01-26 00:00:00+00:00,-7.3,1006.5,0.0,3.5
2021-01-27 00:00:00+00:00,-3.4,1007.1,0.2,3.7
2021-01-28 00:00:00+00:00,-4.8,1003.1,0.7,1.9
2021-01-29 00:00:00+00:00,-6.0,998.9,2.5,2.3
2021-01-30 00:00:00+00:00,-3.4,997.8,2.0,2.7
2021-01-31 00:00:00+00:00,-1.7,995.7,6.7,2.9
2021-02-01 00:00:00+00:00,-2.8,999.0,0.4,3.1
2021-02-02 00:00:00+00:00,-9.7,1008.0,0.0,1.8
2021-02-03 00:00:00+00:00,-14.8,1015.9,0.0,1.6
2021-02-04 00:00:00+00:00,-13.6,1027.8,0.0,1.9
2021-02-05 00:00:00+00:00,-15.5,1034.3,0.0,1.9
2021-02-06 00:00:00+00:00,-13.2,1035.7,0.0,1.9
2021-02-07 00:00:00+00:00,-11.2,1033.9,0.0,1.6
2021-02-08 00:00:00+00:00,-10.2,1029.9,0.0,1.8
2021-02-09 00:00:00+00:00,-12.0,1024.1,0.0,3.0
2021-02-10 00:00:00+00:00,-8.1,1027.3,1.5,1.7
2021-02-11 00:00:00+00:00,-12.5,1038.9,0.0,2.7
2021-02-12 00:00:00+00:00,-15.6,1041.1,0.0,4.0
2021-02-13 00:00:00+00:00,-8.1,1037.0,0.0,4.0
2021-02-14 00:00:00+00:00,-1.2,1033.1,0.0,2.3
2021-02-15 00:00:00+00:00,-3.2,1020.2,0.0,1.2
2021-02-16 00:00:00+00:00,-3.7,1013.8,0.0,1.9
2021-02-17 00:00:00+00:00,-2.0,1010.0,0.0,4.5
2021-02-18 00:00:00+00:00,-0.6,1007.5,0.0,2.6
2021-02-19 00:00:00+00:00,2.0,1002.2,0.0,2.5
2021-02-20 00:00:00+00:00,2.3,1002.7,1.2,1.1
2021-02-21 00:00:00+00:00,3.0,1003.1,0.9,2.3
2021-02-22 00:00:00+00:00,4.6,1012.4,0.0,1.3
2021-02-23 00:00:00+00:00,1.6,1013.7,1.6,2.1
2021-02-24 00:00:00+00:00,6.5,1002.9,0.0,3.4
2021-02-25 00:00:00+00:00,6.7,1003.2,0.0,1.6
2021-02-26 00:00:00+00:00,4.4,1017.3,3.6,4.0
2021-02-27 00:00:00+00:00,4.3,1025.5,2.7,4.5
2021-02-28 00:00:00+00:00,6.1,1028.0,3.1,4.1
2021-03-01 00:00:00+00:00,6.1,1022.4,0.3,3.7
2021-03-02 00:00:00+00:00,3.4,1028.4,31.5,2.4
2021-03-03 00:00:00+00:00,4.1,1022.1,1.7,3.5
2021-03-04 00:00:00+00:00,-0.2,1021.8,6.8,2.8
2021-03-05 00:00:00+00:00,-1.0,1019.9,10.9,3.5
2021-03-06 00:00:00+00:00,0.9,1009.8,17.5,6.2
2021-03-07 00:00:00+00:00,-1.0,1018.4,10.7,2.9
2021-03-08 00:00:00+00:00,-1.8,1017.7,0.1,3.4
2021-03-09 00:00:00+00:00,-0.6,1016.8,12.9,2.3
2021-03-10 00:00:00+00:00,-0.6,1005.6,0.6,6.6
2021-03-11 00:00:00+00:00,-0.7,978.9,0.0,6.3
2021-03-12 00:00:00+00:00,2.3,977.8,0.3,1.4
2021-03-13 00:00:00+00:00,2.3,984.5,0.1,1.2
2021-03-14 00:00:00+00:00,0.2,993.4,0.1,1.4
2021-03-15 00:00:00+00:00,0.6,1007.5,1.0,2.9
2021-03-16 00:00:00+00:00,1.5,1019.5,0.5,2.5
2021-03-17 00:00:00+00:00,-0.1,1025.6,0.0,2.7
2021-03-18 00:00:00+00:00,1.5,1024.4,1.0,2.0
2021-03-19 00:00:00+00:00,1.3,1023.6,4.8,2.0
2021-03-20 00:00:00+00:00,4.3,1008.5,0.0,5.6
2021-03-21 00:00:00+00:00,2.7,1011.4,7.7,4.4
2021-03-22 00:00:00+00:00,1.2,1009.0,8.2,3.6
2021-03-23 00:00:00+00:00,5.7,1006.7,1.5,2.6
2021-03-24 00:00:00+00:00,6.4,1000.4,0.0,4.0
2021-03-25 00:00:00+00:00,4.8,1004.1,0.0,2.2
2021-03-26 00:00:00+00:00,3.5,1001.2,0.6,4.0
2021-03-27 00:00:00+00:00,7.0,1004.0,2.0,1.6
2021-03-28 00:00:00+00:00,2.3,1004.5,2.7,2.4
2021-03-29 00:00:00+00:00,5.4,999.2,0.2,4.1
2021-03-30 00:00:00+00:00,6.7,1011.9,0.0,4.5
2021-03-31 00:00:00+00:00,4.1,1019.9,0.3,3.3
2021-04-01 00:00:00+00:00,2.8,1020.1,0.6,4.4
2021-04-02 00:00:00+00:00,2.7,1021.7,4.3,3.9
2021-04-03 00:00:00+00:00,1.7,1018.9,2.9,5.0
2021-04-04 00:00:00+00:00,4.9,991.5,0.8,6.4
2021-04-05 00:00:00+00:00,1.8,981.3,3.2,5.3
2021-04-06 00:00:00+00:00,1.1,987.3,15.2,4.1
2021-04-07 00:00:00+00:00,1.9,1002.6,4.8,2.9
2021-04-08 00:00:00+00:00,-0.9,999.1,5.8,2.7
2021-04-09 00:00:00+00:00,1.0,987.1,1.1,3.3
2021-04-10 00:00:00+00:00,0.5,1001.9,2.5,3.5
2021-04-11 00:00:00+00:00,0.6,1019.1,8.1,2.0
2021-04-12 00:00:00+00:00,1.6,1020.6,0.0,2.6
2021-04-13 00:00:00+00:00,2.2,1020.6,0.0,2.4
2021-04-14 00:00:00+00:00,0.7,1027.7,6.0,2.5
2021-04-15 00:00:00+00:00,2.4,1035.5,1.0,1.8
2021-04-16 00:00:00+00:00,4.3,1034.7,0.0,1.7
2021-04-17 00:00:00+00:00,5.9,1033.4,0.0,1.4
2021-04-18 00:00:00+00:00,6.3,1028.8,0.0,1.4
2021-04-19 00:00:00+00:00,9.1,1024.6,0.0,1.3
2021-04-20 00:00:00+00:00,9.4,1012.5,0.0,1.8
2021-04-21 00:00:00+00:00,7.4,1010.7,1.5,2.8
2021-04-22 00:00:00+00:00,2.7,1015.8,2.9,4.4
2021-04-23 00:00:00+00:00,1.7,1024.0,3.5,2.7
2021-04-24 00:00:00+00:00,0.9,1027.6,3.5,2.6
2021-04-25 00:00:00+00:00,1.9,1028.8,0.7,2.4
2021-04-26 00:00:00+00:00,2.1,1023.8,0.6,1.5
2021-04-27 00:00:00+00:00,3.1,1019.9,0.0,1.8
2021-04-28 00:00:00+00:00,2.7,1016.2,0.6,1.8
2021-04-29 00:00:00+00:00,2.7,1016.9,0.0,1.8
2021-04-30 00:00:00+00:00,3.0,1016.1,0.9,2.4
2021-05-01 00:00:00+00:00,2.6,1016.9,1.0,1.9
2021-05-02 00:00:00+00:00,3.0,1015.5,0.0,1.6
2021-05-03 00:00:00+00:00,3.3,1010.2,0.0,2.4
2021-05-04 00:00:00+00:00,3.8,1002.6,0.0,2.4
2021-05-05 00:00:00+00:00,5.3,1001.7,0.6,3.2
2021-05-06 00:00:00+00:00,4.9,1003.3,0.0,3.0
2021-05-07 00:00:00+00:00,3.3,1006.1,0.0,2.6
2021-05-08 00:00:00+00:00,4.1,1008.9,0.0,2.0
2021-05-09 00:00:00+00:00,3.2,1003.0,3.1,2.9
2021-05-10 00:00:00+00:00,7.5,1001.7,0.0,1.8
2021-05-11 00:00:00+00:00,11.9,1007.3,2.6,2.9
2021-05-12 00:00:00+00:00,13.5,1013.5,0.4,1.5
2021-05-13 00:00:00+00:00,9.0,1012.6,10.4,1.1
2021-05-14 00:00:00+00:00,7.8,1008.1,2.1,1.7
2021-05-15 00:00:00+00:00,11.7,1002.5,0.2,2.2
2021-05-16 00:00:00+00:00,11.8,1000.1,0.3,2.5
2021-05-17 00:00:00+00:00,11.2,1002.9,0.0,2.0
2021-05-18 00:00:00+00:00,9.3,1004.0,11.2,2.4
2021-05-19 00:00:00+00:00,8.9,1009.9,1.7,1.6
2021-05-20 00:00:00+00:00,8.7,1010.8,0.4,2.0
2021-05-21 00:00:00+00:00,7.4,1002.4,3.0,1.9
2021-05-22 00:00:00+00:00,8.8,997.9,0.0,1.9
2021-05-23 00:00:00+00:00,11.7,1002.5,0.5,2.0
2021-05-24 00:00:00+00:00,11.6,1010.1,2.6,2.3
2021-05-25 00:00:00+00:00,13.7,1016.3,0.3,2.4
2021-05-26 00:00:00+00:00,14.1,1017.1,0.3,2.6
2021-05-27 00:00:00+00:00,14.1,1017.2,0.2,2.7
2021-05-28 00:00:00+00:00,11.8,1024.0,0.3,2.4
2021-05-29 00:00:00+00:00,8.7,1027.8,0.2,1.8
2021-05-30 00:00:00+00:00,11.7,1027.6,0.3,2.0
2021-05-31 00:00:00+00:00,12.2,1025.3,0.1,1.5
2021-06-01 00:00:00+00:00,13.3,1021.9,0.3,1.7
2021-06-02 00:00:00+00:00,18.9,1025.4,0.3,1.9
2021-06-03 00:00:00+00:00,18.3,1026.0,0.1,2.1
2021-06-04 00:00:00+00:00,20.8,1023.2,0.1,2.6
2021-06-05 00:00:00+00:00,20.1,1023.5,0.2,1.8
2021-06-06 00:00:00+00:00,17.6,1021.5,0.3,1.7
2021-06-07 00:00:00+00:00,14.5,1022.8,1.6,1.9
2021-06-08 00:00:00+00:00,15.3,1020.0,0.2,1.9
2021-06-09 00:00:00+00:00,14.8,1016.0,0.2,2.1
2021-06-10 00:00:00+00:00,16.5,1011.4,0.3,1.8
2021-06-11 00:00:00+00:00,19.0,1004.0,0.3,2.3
2021-06-12 00:00:00+00:00,14.4,1005.8,7.3,4.1
2021-06-13 00:00:00+00:00,10.1,1012.8,2.9,3.0
2021-06-14 00:00:00+00:00,10.0,1005.5,8.0,2.3
2021-06-15 00:00:00+00:00,10.8,1010.7,0.2,3.6
2021-06-16 00:00:00+00:00,7.7,1012.2,5.7,2.1
2021-06-17 00:00:00+00:00,14.3,1011.5,0.2,1.9
2021-06-18 00:00:00+00:00,14.4,1015.2,0.4,2.5
2021-06-19 00:00:00+00:00,11.2,1015.6,0.3,2.2
2021-06-20 00:00:00+00:00,11.5,1010.9,3.3,2.1
2021-06-21 00:00:00+00:00,14.0,1008.5,7.7,2.5
2021-06-22 00:00:00+00:00,12.3,1018.0,0.0,2.1
2021-06-23 00:00:00+00:00,12.4,1018.6,0.2,2.1
2021-06-24 00:00:00+00:00,13.0,1017.5,0.9,1.7
2021-06-25 00:00:00+00:00,12.8,1019.1,3.7,1.9
2021-06-26 00:00:00+00:00,12.3,1018.4,0.1,2.0
2021-06-27 00:00:00+00:00,12.9,1015.8,0.1,1.8
2021-06-28 00:00:00+00:00,12.9,1014.9,0.2,1.7
2021-06-29 00:00:00+00:00,12.7,1016.9,2.6,1.6
2021-06-30 00:00:00+00:00,10.7,1020.2,3.4,2.1
2021-07-01 00:00:00+00:00,13.0,1018.6,0.0,2.3
2021-07-02 00:00:00+00:00,19.2,1016.3,0.4,1.6
2021-07-03 00:00:00+00:00,21.6,1014.0,0.4,1.9
2021-07-04 00:00:00+00:00,20.8,1011.1,0.1,2.5
2021-07-05 00:00:00+00:00,22.9,1009.9,0.3,1.9
2021-07-06 00:00:00+00:00,22.9,1005.3,0.1,1.7
2021-07-07 00:00:00+00:00,20.7,1007.5,0.8,2.5
2021-07-08 00:00:00+00:00,18.2,1017.4,8.7,1.6
2021-07-09 00:00:00+00:00,17.8,1019.9,1.3,2.3
2021-07-10 00:00:00+00:00,19.7,1014.7,0.3,1.8
2021-07-11 00:00:00+00:00,17.1,1012.3,9.9,1.6
2021-07-12 00:00:00+00:00,15.5,1017.6,8.5,1.9
2021-07-13 00:00:00+00:00,18.0,1017.9,0.3,1.6
2021-07-14 00:00:00+00:00,18.9,1013.5,0.2,1.4
2021-07-15 00:00:00+00:00,19.1,1015.1,1.9,3.5
2021-07-16 00:00:00+00:00,14.2,1019.8,0.1,1.9
2021-07-17 00:00:00+00:00,15.8,1013.1,0.3,2.2
2021-07-18 00:00:00+00:00,13.0,1013.5,5.2,4.9
2021-07-19 00:00:00+00:00,10.6,1015.5,2.8,4.4
2021-07-20 00:00:00+00:00,11.7,1015.9,1.4,3.3
2021-07-21 00:00:00+00:00,10.3,1020.1,0.0,2.3
2021-07-22 00:00:00+00:00,13.6,1019.2,0.1,4.4
2021-07-23 00:00:00+00:00,11.5,1020.7,0.5,1.8
2021-07-24 00:00:00+00:00,13.1,1016.9,0.3,1.4
2021-07-25 00:00:00+00:00,17.8,1016.0,0.3,1.6
2021-07-26 00:00:00+00:00,19.0,1014.6,0.4,1.7
2021-07-27 00:00:00+00:00,24.0,1011.2,0.2,2.2
2021-07-28 00:00:00+00:00,23.1,1005.5,0.3,1.7
2021-07-29 00:00:00+00:00,22.0,997.7,0.2,1.9
2021-07-30 00:00:00+00:00,18.5,998.3,0.4,2.8
2021-07-31 00:00:00+00:00,11.8,999.7,0.1,1.7
2021-08-01 00:00:00+00:00,12.2,1004.0,0.0,2.7
2021-08-02 00:00:00+00:00,11.0,1009.1,0.0,2.0
2021-08-03 00:00:00+00:00,10.9,1011.9,0.1,1.6
2021-08-04 00:00:00+00:00,11.2,1013.2,0.0,1.8
2021-08-05 00:00:00+00:00,13.2,1011.9,0.1,1.8
2021-08-06 00:00:00+00:00,13.8,1010.4,9.2,1.7
2021-08-07 00:00:00+00:00,18.9,1008.5,0.2,2.1
2021-08-08 00:00:00+00:00,18.0,1003.2,9.2,2.2
2021-08-09 00:00:00+00:00,15.6,1006.5,5.4,1.4
2021-08-10 00:00:00+00:00,18.1,1010.3,0.1,2.0
2021-08-11 00:00:00+00:00,16.5,1014.2,0.1,1.5
2021-08-12 00:00:00+00:00,14.9,1014.5,0.2,1.6
2021-08-13 00:00:00+00:00,15.7,1010.4,0.2,1.6
2021-08-14 00:00:00+00:00,15.4,1001.8,7.5,3.2
2021-08-15 00:00:00+00:00,11.6,1002.4,46.4,2.0
2021-08-16 00:00:00+00:00,12.3,1007.6,0.3,1.8
2021-08-17 00:00:00+00:00,11.7,1008.9,0.7,1.2
2021-08-18 00:00:00+00:00,12.2,998.6,0.1,3.0
2021-08-19 00:00:00+00:00,11.5,999.8,8.8,4.2
2021-08-20 00:00:00+00:00,10.3,1009.2,5.6,3.4
2021-08-21 00:00:00+00:00,10.1,1019.2,0.4,2.1
2021-08-22 00:00:00+00:00,10.0,1024.3,0.0,1.5
2021-08-23 00:00:00+00:00,9.5,1029.1,0.0,1.6
2021-08-24 00:00:00+00:00,10.0,1021.6,0.2,3.4
2021-08-25 00:00:00+00:00,11.7,1017.5,40.8,3.6
2021-08-26 00:00:00+00:00,10.6,1025.8,0.7,1.4
2021-08-27 00:00:00+00:00,11.5,1027.5,0.2,2.0
2021-08-28 00:00:00+00:00,13.5,1026.9,0.1,1.3
2021-08-29 00:00:00+00:00,13.3,1026.6,0.3,1.9
2021-08-30 00:00:00+00:00,13.9,1027.6,0.2,1.3
2021-08-31 00:00:00+00:00,12.2,1027.5,0.0,3.5
2021-09-01 00:00:00+00:00,11.6,1025.8,4.3,3.4
2021-09-02 00:00:00+00:00,11.5,1021.5,9.4,5.3
2021-09-03 00:00:00+00:00,10.5,1022.1,7.0,2.0
2021-09-04 00:00:00+00:00,8.0,1022.8,0.4,2.1
2021-09-05 00:00:00+00:00,9.2,1023.3,0.0,1.6
2021-09-06 00:00:00+00:00,10.7,1019.0,0.0,1.1
2021-09-07 00:00:00+00:00,12.2,1012.0,3.1,2.2
2021-09-08 00:00:00+00:00,14.4,1011.1,8.7,1.8
2021-09-09 00:00:00+00:00,11.6,1012.2,20.0,1.5
2021-09-10 00:00:00+00:00,10.8,1012.3,3.8,1.3
2021-09-11 00:00:00+00:00,10.6,1009.6,5.0,1.4
2021-09-12 00:00:00+00:00,12.0,1011.7,10.9,2.4
2021-09-13 00:00:00+00:00,9.1,1017.7,2.5,2.2
2021-09-14 00:00:00+00:00,8.3,1018.9,0.1,1.3
2021-09-15 00:00:00+00:00,7.5,1017.5,0.0,1.2
2021-09-16 00:00:00+00:00,10.3,1016.4,0.0,1.1
2021-09-17 00:00:00+00:00,11.4,1019.2,0.1,2.6
2021-09-18 00:00:00+00:00,11.1,1020.2,0.1,2.1
2021-09-19 00:00:00+00:00,10.9,1022.2,0.1,1.5
2021-09-20 00:00:00+00:00,10.8,1020.6,0.1,1.8
2021-09-21 00:00:00+00:00,11.0,1014.8,3.5,2.9
2021-09-22 00:00:00+00:00,11.9,1007.1,1.8,2.9
2021-09-23 00:00:00+00:00,10.5,996.2,0.2,2.0
2021-09-24 00:00:00+00:00,7.6,992.9,1.0,2.6
2021-09-25 00:00:00+00:00,8.6,1004.9,6.7,3.3
2021-09-26 00:00:00+00:00,8.6,1012.9,0.9,1.6
2021-09-27 00:00:00+00:00,13.2,1014.0,0.1,4.2
2021-09-28 00:00:00+00:00,14.9,1016.8,0.0,2.6
2021-09-29 00:00:00+00:00,12.6,1020.3,0.4,2.7
2021-09-30 00:00:00+00:00,13.2,1015.8,0.0,3.2
2021-10-01 00:00:00+00:00,11.8,1004.0,0.0,3.3
2021-10-02 00:00:00+00:00,14.3,1003.0,1.1,3.7
2021-10-03 00:00:00+00:00,13.4,995.2,0.1,3.2
2021-10-04 00:00:00+00:00,14.6,999.0,0.1,5.1
2021-10-05 00:00:00+00:00,14.3,1007.8,0.1,2.8
2021-10-06 00:00:00+00:00,11.4,1011.9,0.1,1.0
2021-10-07 00:00:00+00:00,9.3,1020.8,3.9,2.7
2021-10-08 00:00:00+00:00,9.3,1025.3,4.2,1.2
2021-10-09 00:00:00+00:00,11.6,1024.3,1.0,1.0
2021-10-10 00:00:00+00:00,11.6,1014.8,3.4,1.4
2021-10-11 00:00:00+00:00,8.4,1009.7,11.5,3.5
2021-10-12 00:00:00+00:00,6.0,1015.0,4.6,2.5
2021-10-13 00:00:00+00:00,4.6,1011.1,3.3,2.6
2021-10-14 00:00:00+00:00,6.2,992.9,17.0,2.6
2021-10-15 00:00:00+00:00,8.0,999.9,24.1,3.3
2021-10-16 00:00:00+00:00,3.2,1002.4,10.7,3.5
2021-10-17 00:00:00+00:00,2.7,1012.4,10.4,3.3
2021-10-18 00:00:00+00:00,3.0,1021.3,10.7,2.4
2021-10-19 00:00:00+00:00,3.4,1003.3,0.0,2.1
2021-10-20 00:00:00+00:00,6.2,976.4,10.6,1.5
2021-10-21 00:00:00+00:00,6.4,972.7,2.2,4.9
2021-10-22 00:00:00+00:00,3.2,988.2,18.8,3.3
2021-10-23 00:00:00+00:00,3.7,1014.1,7.6,2.1
2021-10-24 00:00:00+00:00,4.2,1008.2,4.9,1.0
2021-10-25 00:00:00+00:00,5.7,1002.6,2.6,1.3
2021-10-26 00:00:00+00:00,6.9,1002.1,0.2,1.5
2021-10-27 00:00:00+00:00,5.4,996.1,2.3,2.8
2021-10-28 00:00:00+00:00,10.1,999.1,0.0,1.6
2021-10-29 00:00:00+00:00,8.4,998.5,2.9,1.3
2021-10-30 00:00:00+00:00,9.3,998.2,0.0,2.8
2021-10-31 00:00:00+00:00,10.5,997.2,0.0,2.1
2021-11-01 00:00:00+00:00,8.5,992.1,1.6,2.9
2021-11-02 00:00:00+00:00,11.2,994.6,0.0,4.6
2021-11-03 00:00:00+00:00,9.2,1001.4,0.0,0.9
2021-11-04 00:00:00+00:00,3.3,1007.5,0.0,2.1
2021-11-05 00:00:00+00:00,4.3,1002.7,1.4,3.2
2021-11-06 00:00:00+00:00,2.8,1003.9,12.5,2.6
2021-11-07 00:00:00+00:00,1.5,1004.6,3.7,2.3
2021-11-08 00:00:00+00:00,-1.1,1016.2,0.0,1.2
2021-11-09 00:00:00+00:00,-0.5,1004.7,4.9,2.0
2021-11-10 00:00:00+00:00,4.9,1004.9,2.2,4.5
2021-11-11 00:00:00+00:00,4.1,1002.7,4.9,3.9
2021-11-12 00:00:00+00:00,4.8,1016.8,15.1,2.3
2021-11-13 00:00:00+00:00,1.0,1022.1,0.0,1.8
2021-11-14 00:00:00+00:00,-0.8,1028.6,0.0,0.7
2021-11-15 00:00:00+00:00,-1.7,1020.5,0.0,1.3
2021-11-16 00:00:00+00:00,2.7,1009.6,0.0,1.4
2021-11-17 00:00:00+00:00,6.7,1000.2,0.0,2.5
2021-11-18 00:00:00+00:00,3.4,1001.4,1.3,2.7
2021-11-19 00:00:00+00:00,2.6,995.8,3.6,4.5
2021-11-20 00:00:00+00:00,4.1,1002.8,37.5,3.1
2021-11-21 00:00:00+00:00,2.1,1012.6,12.8,2.3
2021-11-22 00:00:00+00:00,0.9,1011.1,2.7,4.2
2021-11-23 00:00:00+00:00,3.0,1009.4,7.8,4.3
2021-11-24 00:00:00+00:00,4.1,1003.0,51.0,2.1
2021-11-25 00:00:00+00:00,2.3,999.4,5.9,2.6
2021-11-26 00:00:00+00:00,-1.9,996.0,2.1,2.6
2021-11-27 00:00:00+00:00,-6.8,1005.0,0.0,1.7
2021-11-28 00:00:00+00:00,-10.7,1007.3,0.0,1.1
2021-11-29 00:00:00+00:00,-10.8,1002.9,0.0,1.2
2021-11-30 00:00:00+00:00,-7.5,993.8,0.0,1.7
2021-12-01 00:00:00+00:00,-3.9,993.0,3.2,3.4
2021-12-02 00:00:00+00:00,-2.9,996.6,4.2,2.7
2021-12-03 00:00:00+00:00,-9.2,998.9,0.0,2.5
2021-12-04 00:00:00+00:00,-6.9,1002.4,0.0,4.0
2021-12-05 00:00:00+00:00,-3.8,1018.0,0.0,1.3
2021-12-06 00:00:00+00:00,-7.7,1015.0,0.0,1.3
2021-12-07 00:00:00+00:00,-9.2,1008.6,0.0,1.8
2021-12-08 00:00:00+00:00,-6.9,1008.1,0.0,3.9
2021-12-09 00:00:00+00:00,-1.7,1006.1,0.0,4.2
2021-12-10 00:00:00+00:00,0.5,1004.4,0.0,2.6
2021-12-11 00:00:00+00:00,-1.2,1009.4,0.0,1.7
2021-12-12 00:00:00+00:00,1.5,1009.8,0.0,1.9
2021-12-13 00:00:00+00:00,2.0,1009.6,0.4,1.7
2021-12-14 00:00:00+00:00,2.7,1004.8,0.4,2.9
2021-12-15 00:00:00+00:00,3.8,1003.1,2.2,4.8
2021-12-16 00:00:00+00:00,4.3,1018.6,8.5,6.0
2021-12-17 00:00:00+00:00,5.5,1028.9,4.3,3.8
2021-12-18 00:00:00+00:00,7.8,1022.2,15.2,7.2
2021-12-19 00:00:00+00:00,4.8,1024.4,13.7,4.1
2021-12-20 00:00:00+00:00,3.0,1027.4,4.1,1.8
2021-12-21 00:00:00+00:00,1.0,1020.4,1.4,1.9
2021-12-22 00:00:00+00:00,0.1,1018.4,1.8,1.2
2021-12-23 00:00:00+00:00,-4.7,1006.2,0.0,3.1
2021-12-24 00:00:00+00:00,-4.8,1005.9,1.9,2.9
2021-12-25 00:00:00+00:00,-5.0,1005.5,2.0,2.5
2021-12-26 00:00:00+00:00,-0.9,1007.2,1.9,2.4
2021-12-27 00:00:00+00:00,-0.6,1005.7,1.2,1.7
2021-12-28 00:00:00+00:00,-5.8,999.5,0.0,0.7
2021-12-29 00:00:00+00:00,-7.7,999.7,0.0,0.8
2021-12-30 00:00:00+00:00,-5.5,991.7,0.0,1.7
2021-12-31 00:00:00+00:00,-0.4,999.7,3.2,2.6
2022-01-01 00:00:00+00:00,1.0,1010.1,0.7,1.7
2022-01-02 00:00:00+00:00,0.1,990.2,2.1,2.8
2022-01-03 00:00:00+00:00,2.2,982.0,0.0,1.4
2022-01-04 00:00:00+00:00,-0.6,979.6,3.0,1.4
2022-01-05 00:00:00+00:00,-6.9,994.8,0.7,1.9
2022-01-06 00:00:00+00:00,-3.1,1007.9,2.3,2.2
2022-01-07 00:00:00+00:00,-7.1,1001.2,0.6,2.2
2022-01-08 00:00:00+00:00,-3.6,998.0,0.1,1.5
2022-01-09 00:00:00+00:00,-4.4,1004.3,0.0,2.9
2022-01-10 00:00:00+00:00,-1.0,1018.2,0.0,2.1
2022-01-11 00:00:00+00:00,-0.5,1015.3,0.0,3.9
2022-01-12 00:00:00+00:00,3.5,1006.6,0.0,5.6
2022-01-13 00:00:00+00:00,6.5,1002.0,23.6,9.2
2022-01-14 00:00:00+00:00,4.1,1014.4,18.5,7.1
2022-01-15 00:00:00+00:00,1.4,1014.6,7.1,3.7
2022-01-16 00:00:00+00:00,2.1,992.1,3.1,5.9
2022-01-17 00:00:00+00:00,0.7,1011.3,10.9,6.0
2022-01-18 00:00:00+00:00,1.7,1013.7,8.4,3.6
2022-01-19 00:00:00+00:00,5.5,996.9,3.8,4.3
2022-01-20 00:00:00+00:00,-1.2,1013.2,8.4,4.1
2022-01-21 00:00:00+00:00,-0.9,1018.3,7.7,1.8
2022-01-22 00:00:00+00:00,0.8,1016.7,7.6,3.0
2022-01-23 00:00:00+00:00,6.2,1015.3,0.7,2.5
2022-01-24 00:00:00+00:00,5.0,1012.7,2.1,5.0
2022-01-25 00:00:00+00:00,1.2,1018.4,8.4,3.4
2022-01-26 00:00:00+00:00,1.1,1000.6,4.2,3.5
2022-01-27 00:00:00+00:00,1.8,996.0,9.9,2.3
2022-01-28 00:00:00+00:00,1.3,1009.5,4.2,4.1
2022-01-29 00:00:00+00:00,1.7,981.4,5.9,2.6
2022-01-30 00:00:00+00:00,1.7,1007.5,11.7,3.6
2022-01-31 00:00:00+00:00,-1.4,1005.0,2.4,1.6
2022-02-01 00:00:00+00:00,-3.6,993.8,1.7,2.1
2022-02-02 00:00:00+00:00,-4.9,1000.8,0.0,1.0
2022-02-03 00:00:00+00:00,-3.7,998.4,1.9,2.8
2022-02-04 00:00:00+00:00,-0.1,980.1,0.2,4.0
2022-02-05 00:00:00+00:00,1.2,979.8,0.6,5.9
2022-02-06 00:00:00+00:00,1.3,972.1,0.1,3.6
2022-02-07 00:00:00+00:00,1.1,995.0,5.5,3.1
2022-02-08 00:00:00+00:00,1.8,993.6,3.6,4.3
2022-02-09 00:00:00+00:00,0.7,990.1,7.2,5.3
2022-02-10 00:00:00+00:00,0.3,996.9,6.9,3.9
2022-02-11 00:00:00+00:00,-1.4,1008.9,17.2,4.5
2022-02-12 00:00:00+00:00,-0.7,1002.1,4.8,2.4
2022-02-13 00:00:00+00:00,2.0,989.8,6.1,2.4
2022-02-14 00:00:00+00:00,1.7,999.2,5.0,3.5
2022-02-15 00:00:00+00:00,-2.7,991.7,1.7,2.7
2022-02-16 00:00:00+00:00,-3.2,980.4,3.6,1.9
2022-02-17 00:00:00+00:00,-3.1,976.8,0.0,0.8
2022-02-18 00:00:00+00:00,-2.4,981.3,3.4,2.1
2022-02-19 00:00:00+00:00,-0.8,985.2,0.6,3.2
2022-02-20 00:00:00+00:00,-1.9,984.0,2.3,2.8
2022-02-21 00:00:00+00:00,-0.5,987.2,2.0,2.8
2022-02-22 00:00:00+00:00,-2.9,998.0,5.1,2.6
2022-02-23 00:00:00+00:00,-0.3,989.9,0.1,4.5
2022-02-24 00:00:00+00:00,2.0,982.9,3.1,2.6
2022-02-25 00:00:00+00:00,2.0,1002.9,0.0,2.5
2022-02-26 00:00:00+00:00,0.0,1019.7,4.3,3.4
2022-02-27 00:00:00+00:00,4.9,1020.9,0.0,2.8
2022-02-28 00:00:00+00:00,3.6,1018.8,0.1,2.7
2022-03-01 00:00:00+00:00,4.3,1015.1,0.7,4.9
2022-03-02 00:00:00+00:00,3.4,1021.8,5.4,4.8
2022-03-03 00:00:00+00:00,1.9,1026.5,2.7,1.8
2022-03-04 00:00:00+00:00,-0.8,1024.0,0.0,1.1
2022-03-05 00:00:00+00:00,-2.9,1021.5,0.0,2.8
2022-03-06 00:00:00+00:00,0.9,1022.9,4.0,4.5
2022-03-07 00:00:00+00:00,3.0,1021.2,5.8,3.8
2022-03-08 00:00:00+00:00,3.9,1022.1,0.1,1.9
2022-03-09 00:00:00+00:00,-0.1,1018.6,0.0,2.8
2022-03-10 00:00:00+00:00,5.4,1019.5,0.0,4.3
2022-03-11 00:00:00+00:00,6.5,1022.1,0.0,1.5
2022-03-12 00:00:00+00:00,4.8,1019.0,0.0,3.4
2022-03-13 00:00:00+00:00,6.8,1021.1,0.0,3.6
2022-03-14 00:00:00+00:00,6.4,1022.5,0.0,1.8
2022-03-15 00:00:00+00:00,5.5,1019.9,0.0,1.3
2022-03-16 00:00:00+00:00,3.7,1022.0,0.0,3.0
2022-03-17 00:00:00+00:00,7.1,1020.2,0.0,4.6
2022-03-18 00:00:00+00:00,5.5,1031.7,0.0,3.9
2022-03-19 00:00:00+00:00,5.8,1040.2,0.0,2.8
2022-03-20 00:00:00+00:00,7.3,1039.3,0.0,1.1
2022-03-21 00:00:00+00:00,5.7,1034.0,0.0,1.4
2022-03-22 00:00:00+00:00,3.5,1031.5,0.0,1.7
2022-03-23 00:00:00+00:00,3.3,1027.0,0.0,2.7
2022-03-24 00:00:00+00:00,8.8,1020.3,0.1,2.9
2022-03-25 00:00:00+00:00,6.8,1016.2,13.2,7.9
2022-03-26 00:00:00+00:00,3.9,1029.6,1.6,3.1
2022-03-27 00:00:00+00:00,1.5,1013.9,5.3,7.4
2022-03-28 00:00:00+00:00,5.5,1008.2,16.1,5.4
2022-03-29 00:00:00+00:00,0.2,1011.8,3.6,1.8
2022-03-30 00:00:00+00:00,-1.3,1011.7,0.0,3.1
2022-03-31 00:00:00+00:00,-0.2,1014.4,0.0,1.8
2022-04-01 00:00:00+00:00,-0.8,1018.8,5.2,1.6
2022-04-02 00:00:00+00:00,0.1,1015.7,0.2,3.4
2022-04-03 00:00:00+00:00,0.0,1004.4,8.6,2.2
2022-04-04 00:00:00+00:00,-0.7,990.6,11.3,1.5
2022-04-05 00:00:00+00:00,-1.9,991.3,1.6,2.5
2022-04-06 00:00:00+00:00,-1.4,988.5,6.3,3.1
2022-04-07 00:00:00+00:00,-1.8,985.5,0.3,2.2
2022-04-08 00:00:00+00:00,-0.9,984.6,0.0,2.8
2022-04-09 00:00:00+00:00,-0.2,986.0,0.8,2.9
2022-04-10 00:00:00+00:00,2.0,997.3,2.4,5.7
2022-04-11 00:00:00+00:00,2.6,1010.8,7.8,5.8
2022-04-12 00:00:00+00:00,2.4,1019.9,0.2,2.4
2022-04-13 00:00:00+00:00,3.6,1018.5,0.0,2.1
2022-04-14 00:00:00+00:00,4.5,1022.4,0.0,2.1
2022-04-15 00:00:00+00:00,3.0,1030.7,0.0,1.5
2022-04-16 00:00:00+00:00,6.6,1033.3,0.0,2.1
2022-04-17 00:00:00+00:00,6.7,1026.8,0.1,1.2
2022-04-18 00:00:00+00:00,7.6,1019.7,0.0,1.7
2022-04-19 00:00:00+00:00,10.3,1020.0,0.0,1.4
2022-04-20 00:00:00+00:00,10.4,1025.4,0.3,1.6
2022-04-21 00:00:00+00:00,9.2,1028.6,0.3,2.1
2022-04-22 00:00:00+00:00,9.2,1029.9,0.3,1.9
2022-04-23 00:00:00+00:00,5.6,1024.7,0.3,1.8
2022-04-24 00:00:00+00:00,8.4,1020.7,0.2,2.2
2022-04-25 00:00:00+00:00,8.4,1019.0,0.3,2.6
2022-04-26 00:00:00+00:00,4.4,1023.8,1.3,2.5
2022-04-27 00:00:00+00:00,1.7,1025.5,0.7,2.6
2022-04-28 00:00:00+00:00,2.6,1026.0,6.1,3.3
2022-04-29 00:00:00+00:00,2.5,1028.4,3.4,2.6
2022-04-30 00:00:00+00:00,3.3,1024.8,2.0,3.6
2022-05-01 00:00:00+00:00,4.4,1020.0,4.5,3.8
2022-05-02 00:00:00+00:00,7.0,1010.6,2.0,6.0
2022-05-03 00:00:00+00:00,3.1,1019.1,3.2,3.1
2022-05-04 00:00:00+00:00,1.4,1014.0,0.9,1.6
2022-05-05 00:00:00+00:00,5.7,1013.0,1.5,3.1
2022-05-06 00:00:00+00:00,6.9,1009.8,0.1,1.8
2022-05-07 00:00:00+00:00,8.0,1019.2,2.7,4.8
2022-05-08 00:00:00+00:00,2.3,1027.3,7.3,2.6
2022-05-09 00:00:00+00:00,5.9,1018.3,2.4,1.5
2022-05-10 00:00:00+00:00,10.1,999.7,0.1,2.6
2022-05-11 00:00:00+00:00,10.0,994.3,4.8,1.8
2022-05-12 00:00:00+00:00,9.5,997.6,4.5,3.3
2022-05-13 00:00:00+00:00,7.2,998.8,0.7,2.5
2022-05-14 00:00:00+00:00,7.6,1007.4,4.1,4.4
2022-05-15 00:00:00+00:00,5.7,1021.2,3.6,3.5
2022-05-16 00:00:00+00:00,5.0,1028.5,0.2,2.3
2022-05-17 00:00:00+00:00,4.8,1025.4,0.0,2.3
2022-05-18 00:00:00+00:00,9.2,1018.6,0.2,1.9
2022-05-19 00:00:00+00:00,11.9,1015.9,0.1,2.1
2022-05-20 00:00:00+00:00,13.2,1014.4,0.3,2.1
2022-05-21 00:00:00+00:00,13.9,1010.1,0.1,2.3
2022-05-22 00:00:00+00:00,11.6,1011.2,1.3,1.8
2022-05-23 00:00:00+00:00,11.9,1004.1,0.1,3.4
2022-05-24 00:00:00+00:00,15.0,1000.6,0.1,3.6
2022-05-25 00:00:00+00:00,14.8,999.0,0.5,3.0
2022-05-26 00:00:00+00:00,11.1,1000.1,0.3,2.4
2022-05-27 00:00:00+00:00,10.2,1004.5,0.1,3.4
2022-05-28 00:00:00+00:00,8.6,1009.3,0.2,4.9
2022-05-29 00:00:00+00:00,5.7,1008.6,4.3,3.3
2022-05-30 00:00:00+00:00,8.4,1014.3,2.7,2.2
2022-05-31 00:00:00+00:00,14.8,1015.0,0.3,2.1
2022-06-01 00:00:00+00:00,14.6,1008.2,3.4,1.3
2022-06-02 00:00:00+00:00,11.4,1010.0,5.8,1.9
2022-06-03 00:00:00+00:00,12.4,1017.2,0.7,2.8
2022-06-04 00:00:00+00:00,9.9,1020.4,1.1,3.7
2022-06-05 00:00:00+00:00,8.9,1022.3,0.8,3.0
2022-06-06 00:00:00+00:00,7.2,1017.7,0.2,1.8
2022-06-07 00:00:00+00:00,11.5,1014.2,0.2,2.7
2022-06-08 00:00:00+00:00,12.3,1006.8,0.1,2.6
2022-06-09 00:00:00+00:00,11.5,1011.3,0.2,2.1
2022-06-10 00:00:00+00:00,12.0,1011.0,0.2,1.7
2022-06-11 00:00:00+00:00,14.7,1007.8,5.2,1.9
2022-06-12 00:00:00+00:00,14.6,1003.9,3.0,2.5
2022-06-13 00:00:00+00:00,12.9,1007.2,6.5,2.5
2022-06-14 00:00:00+00:00,10.7,1014.9,1.9,2.1
2022-06-15 00:00:00+00:00,11.0,1017.9,2.1,1.5
2022-06-16 00:00:00+00:00,11.4,1017.9,1.8,1.1
2022-06-17 00:00:00+00:00,12.9,1011.3,3.7,2.2
2022-06-18 00:00:00+00:00,14.2,1005.6,5.8,2.0
2022-06-19 00:00:00+00:00,9.0,1009.7,5.1,2.1
2022-06-20 00:00:00+00:00,11.9,1010.1,0.2,1.9
2022-06-21 00:00:00+00:00,13.9,1008.0,2.5,2.1
2022-06-22 00:00:00+00:00,9.4,1005.0,1.0,1.6
2022-06-23 00:00:00+00:00,12.1,1006.8,5.1,1.7
2022-06-24 00:00:00+00:00,13.3,1010.9,0.2,2.2
2022-06-25 00:00:00+00:00,19.9,1010.3,0.0,2.5
2022-06-26 00:00:00+00:00,21.9,1014.2,0.0,2.1
2022-06-27 00:00:00+00:00,23.1,1015.2,0.0,1.5
2022-06-28 00:00:00+00:00,19.6,1016.4,7.9,2.1
2022-06-29 00:00:00+00:00,12.7,1021.0,25.3,2.5
2022-06-30 00:00:00+00:00,15.7,1016.2,0.0,1.7
2022-07-01 00:00:00+00:00,22.3,1012.1,0.0,1.9
2022-07-02 00:00:00+00:00,22.7,1010.6,1.1,2.3
2022-07-03 00:00:00+00:00,13.8,1009.5,19.4,2.0
2022-07-04 00:00:00+00:00,15.8,1006.4,0.8,2.4
2022-07-05 00:00:00+00:00,14.6,1008.2,8.4,2.8
2022-07-06 00:00:00+00:00,11.1,1007.7,3.3,2.8
2022-07-07 00:00:00+00:00,10.9,1014.0,3.1,3.9
2022-07-08 00:00:00+00:00,10.3,1015.7,1.2,2.1
2022-07-09 00:00:00+00:00,11.4,1012.6,15.1,3.1
2022-07-10 00:00:00+00:00,9.9,1020.3,7.4,2.3
2022-07-11 00:00:00+00:00,10.3,1020.3,0.0,1.6
2022-07-12 00:00:00+00:00,13.8,1013.0,0.0,1.5
2022-07-13 00:00:00+00:00,17.1,1008.4,0.2,1.4
2022-07-14 00:00:00+00:00,11.9,1008.5,6.0,3.6
2022-07-15 00:00:00+00:00,9.7,1011.0,0.5,3.5
2022-07-16 00:00:00+00:00,9.3,1016.0,1.8,3.3
2022-07-17 00:00:00+00:00,9.4,1016.0,0.8,2.1
2022-07-18 00:00:00+00:00,11.3,1014.6,3.3,2.0
2022-07-19 00:00:00+00:00,11.6,1017.1,2.1,2.4
2022-07-20 00:00:00+00:00,14.0,1012.6,0.0,1.2
2022-07-21 00:00:00+00:00,16.0,1017.0,0.7,1.9
2022-07-22 00:00:00+00:00,12.5,1020.2,0.0,2.1
2022-07-23 00:00:00+00:00,12.1,1015.9,0.0,2.9
2022-07-24 00:00:00+00:00,12.6,1008.6,0.1,1.9
2022-07-25 00:00:00+00:00,16.2,996.5,0.8,1.6
2022-07-26 00:00:00+00:00,18.0,1000.0,6.7,3.3
2022-07-27 00:00:00+00:00,11.4,1014.6,2.7,3.4
2022-07-28 00:00:00+00:00,9.5,1021.7,0.4,1.5
2022-07-29 00:00:00+00:00,11.5,1021.0,0.6,1.4
2022-07-30 00:00:00+00:00,15.8,1013.9,0.2,1.6
2022-07-31 00:00:00+00:00,17.5,1011.8,0.5,1.8
2022-08-01 00:00:00+00:00,12.2,1013.7,16.0,2.0
2022-08-02 00:00:00+00:00,9.7,1007.0,3.2,2.7
2022-08-03 00:00:00+00:00,15.8,1000.7,0.2,1.8
2022-08-04 00:00:00+00:00,15.3,1007.8,25.8,1.9
2022-08-05 00:00:00+00:00,11.5,1011.9,6.4,2.0
2022-08-06 00:00:00+00:00,12.5,1013.7,0.1,3.6
2022-08-07 00:00:00+00:00,10.2,1017.3,3.2,2.2
2022-08-08 00:00:00+00:00,12.8,1022.3,0.2,1.3
2022-08-09 00:00:00+00:00,14.9,1022.8,3.0,1.2
2022-08-10 00:00:00+00:00,14.9,1015.8,3.0,2.1
2022-08-11 00:00:00+00:00,17.8,1019.2,4.4,2.3
2022-08-12 00:00:00+00:00,12.3,1023.2,2.8,1.2
2022-08-13 00:00:00+00:00,14.1,1021.0,0.3,1.4
2022-08-14 00:00:00+00:00,13.9,1015.3,0.0,1.6
2022-08-15 00:00:00+00:00,17.5,1008.8,0.3,1.4
2022-08-16 00:00:00+00:00,21.3,1005.4,0.1,1.6
2022-08-17 00:00:00+00:00,18.1,1013.7,1.5,2.4
2022-08-18 00:00:00+00:00,9.3,1012.9,3.6,2.5
2022-08-19 00:00:00+00:00,16.3,1008.9,2.1,1.7
2022-08-20 00:00:00+00:00,16.1,1009.0,0.5,1.9
2022-08-21 00:00:00+00:00,12.6,1005.5,0.3,1.8
2022-08-22 00:00:00+00:00,12.3,1014.8,14.5,2.6
2022-08-23 00:00:00+00:00,11.9,1021.3,0.0,1.3
2022-08-24 00:00:00+00:00,13.8,1019.8,0.2,1.5
2022-08-25 00:00:00+00:00,19.8,1018.4,0.1,1.9
2022-08-26 00:00:00+00:00,20.8,1015.0,0.1,2.8
2022-08-27 00:00:00+00:00,14.1,1018.1,10.6,2.0
2022-08-28 00:00:00+00:00,12.2,1024.0,0.1,1.9
2022-08-29 00:00:00+00:00,11.3,1028.2,0.0,1.7
2022-08-30 00:00:00+00:00,10.9,1031.3,0.1,1.3
2022-08-31 00:00:00+00:00,10.5,1031.9,0.0,1.6
2022-09-01 00:00:00+00:00,10.8,1027.1,0.0,1.8
2022-09-02 00:00:00+00:00,10.0,1023.7,0.2,1.6
2022-09-03 00:00:00+00:00,11.6,1024.0,0.1,2.1
2022-09-04 00:00:00+00:00,11.3,1026.9,0.0,1.9
2022-09-05 00:00:00+00:00,12.8,1029.6,0.2,1.4
2022-09-06 00:00:00+00:00,11.7,1026.1,0.2,1.4
2022-09-07 00:00:00+00:00,10.5,1021.3,0.1,1.5
2022-09-08 00:00:00+00:00,9.9,1019.7,0.2,1.2
2022-09-09 00:00:00+00:00,13.5,1018.3,0.2,1.9
2022-09-10 00:00:00+00:00,11.7,1017.9,0.2,1.2
2022-09-11 00:00:00+00:00,11.1,1017.6,0.1,1.3
2022-09-12 00:00:00+00:00,10.1,1007.1,0.1,1.6
2022-09-13 00:00:00+00:00,12.3,994.1,2.8,2.0
2022-09-14 00:00:00+00:00,11.8,993.7,19.1,2.9
2022-09-15 00:00:00+00:00,9.7,994.4,1.1,2.0
2022-09-16 00:00:00+00:00,10.6,998.5,21.1,2.5
2022-09-17 00:00:00+00:00,9.9,1001.2,23.2,2.4
2022-09-18 00:00:00+00:00,9.6,1008.7,11.1,2.5
2022-09-19 00:00:00+00:00,9.2,1017.2,1.6,2.4
2022-09-20 00:00:00+00:00,8.2,1022.0,1.3,2.0
2022-09-21 00:00:00+00:00,6.7,1021.5,0.1,1.3
2022-09-22 00:00:00+00:00,7.6,1012.6,0.0,1.0
2022-09-23 00:00:00+00:00,11.1,1011.2,0.7,0.8
2022-09-24 00:00:00+00:00,9.5,1015.5,7.0,1.6
2022-09-25 00:00:00+00:00,8.4,1002.9,0.1,2.6
2022-09-26 00:00:00+00:00,10.9,991.9,1.5,3.7
2022-09-27 00:00:00+00:00,11.6,1000.4,0.1,2.1
2022-09-28 00:00:00+00:00,11.4,1006.7,0.1,2.3
2022-09-29 00:00:00+00:00,11.5,1008.2,0.0,1.3
2022-09-30 00:00:00+00:00,8.9,1003.2,0.2,2.3
2022-10-01 00:00:00+00:00,10.8,995.4,0.0,3.8
2022-10-02 00:00:00+00:00,11.6,1005.2,0.4,1.0
2022-10-03 00:00:00+00:00,9.7,1014.8,1.4,2.6
2022-10-04 00:00:00+00:00,9.3,1004.2,1.7,2.0
2022-10-05 00:00:00+00:00,10.1,994.7,18.5,2.2
2022-10-06 00:00:00+00:00,9.2,994.1,0.7,3.7
2022-10-07 00:00:00+00:00,7.9,994.6,2.8,2.4
2022-10-08 00:00:00+00:00,7.9,1000.1,3.2,4.6
2022-10-09 00:00:00+00:00,5.6,1006.1,8.0,2.7
2022-10-10 00:00:00+00:00,10.3,997.9,0.2,4.0
2022-10-11 00:00:00+00:00,9.8,1008.3,0.4,4.3
2022-10-12 00:00:00+00:00,4.6,1011.9,4.5,1.5
2022-10-13 00:00:00+00:00,7.2,1009.4,4.2,1.3
2022-10-14 00:00:00+00:00,4.4,1002.7,7.0,1.5
2022-10-15 00:00:00+00:00,7.4,998.1,1.4,2.0
2022-10-16 00:00:00+00:00,6.6,997.2,0.2,1.4
2022-10-17 00:00:00+00:00,7.6,1012.4,1.7,1.9
2022-10-18 00:00:00+00:00,6.5,1020.9,0.7,2.1
2022-10-19 00:00:00+00:00,4.9,1026.2,1.1,3.6
2022-10-20 00:00:00+00:00,5.0,1021.4,1.4,2.3
2022-10-21 00:00:00+00:00,2.2,1013.4,0.1,1.2
2022-10-22 00:00:00+00:00,2.8,1010.0,0.2,2.2
2022-10-23 00:00:00+00:00,4.9,1012.4,0.0,1.3
2022-10-24 00:00:00+00:00,1.9,1006.0,0.5,1.2
2022-10-25 00:00:00+00:00,6.7,1002.6,0.0,1.6
2022-10-26 00:00:00+00:00,8.5,1008.8,1.1,1.8
2022-10-27 00:00:00+00:00,8.0,1007.2,1.1,1.5
2022-10-28 00:00:00+00:00,9.6,1005.1,0.1,1.5
2022-10-29 00:00:00+00:00,9.4,1005.5,16.2,3.7
2022-10-30 00:00:00+00:00,5.3,1012.9,0.9,1.3
2022-10-31 00:00:00+00:00,5.0,1010.8,0.0,0.9
2022-11-01 00:00:00+00:00,4.9,1007.1,0.1,1.5
2022-11-02 00:00:00+00:00,9.1,1001.7,0.1,2.1
2022-11-03 00:00:00+00:00,8.5,1000.8,1.8,2.8
2022-11-04 00:00:00+00:00,10.7,1002.9,0.0,3.2
2022-11-05 00:00:00+00:00,10.2,1001.2,0.0,1.9
2022-11-06 00:00:00+00:00,6.9,999.9,1.2,1.0
2022-11-07 00:00:00+00:00,1.7,999.9,0.0,1.7
2022-11-08 00:00:00+00:00,1.9,998.5,0.0,1.6
2022-11-09 00:00:00+00:00,4.0,993.8,0.6,1.1
2022-11-10 00:00:00+00:00,4.1,996.1,0.4,2.4
2022-11-11 00:00:00+00:00,8.4,998.0,5.3,2.8
2022-11-12 00:00:00+00:00,9.1,1019.1,16.4,4.7
2022-11-13 00:00:00+00:00,7.5,1026.9,0.0,1.1
2022-11-14 00:00:00+00:00,4.5,1022.5,0.0,0.7
2022-11-15 00:00:00+00:00,3.8,1019.2,0.0,1.9
2022-11-16 00:00:00+00:00,3.5,1017.2,0.0,2.0
2022-11-17 00:00:00+00:00,1.9,1016.7,0.0,2.2
2022-11-18 00:00:00+00:00,1.5,1021.2,0.0,1.2
2022-11-19 00:00:00+00:00,-1.6,1023.8,0.0,1.2
2022-11-20 00:00:00+00:00,-4.1,1018.5,0.0,1.9
2022-11-21 00:00:00+00:00,-6.2,1014.7,0.0,1.9
2022-11-22 00:00:00+00:00,-3.9,1010.9,0.0,2.8
2022-11-23 00:00:00+00:00,-0.1,1009.5,0.0,3.7
2022-11-24 00:00:00+00:00,1.8,1009.1,0.0,3.9
2022-11-25 00:00:00+00:00,4.1,1013.1,0.0,4.4
2022-11-26 00:00:00+00:00,5.3,1018.2,0.0,4.1
2022-11-27 00:00:00+00:00,4.7,1014.9,0.0,4.8
2022-11-28 00:00:00+00:00,7.4,1018.8,0.7,4.0
2022-11-29 00:00:00+00:00,5.9,1025.3,0.0,3.7
2022-11-30 00:00:00+00:00,4.0,1031.6,0.0,0.7
2022-12-01 00:00:00+00:00,0.2,1035.6,0.2,0.7
2022-12-02 00:00:00+00:00,-1.4,1037.5,0.0,0.9
2022-12-03 00:00:00+00:00,-2.9,1036.3,0.0,1.3
2022-12-04 00:00:00+00:00,-5.7,1034.4,0.0,1.7
2022-12-05 00:00:00+00:00,-6.7,1024.5,0.0,3.3
2022-12-06 00:00:00+00:00,0.6,1015.6,4.6,2.2
2022-12-07 00:00:00+00:00,-2.2,1003.8,10.3,4.2
2022-12-08 00:00:00+00:00,-1.6,1002.9,9.2,2.1
2022-12-09 00:00:00+00:00,-7.2,1012.4,0.0,1.5
2022-12-10 00:00:00+00:00,-10.1,1017.9,0.0,1.8
2022-12-11 00:00:00+00:00,-14.3,1018.3,0.0,1.1
2022-12-12 00:00:00+00:00,-11.8,1021.1,0.0,1.5
2022-12-13 00:00:00+00:00,-11.0,1008.3,0.0,2.6
2022-12-14 00:00:00+00:00,-14.7,998.3,0.1,2.3
2022-12-15 00:00:00+00:00,-7.3,1004.1,2.3,2.5
2022-12-16 00:00:00+00:00,-2.3,1009.6,4.1,3.7
2022-12-17 00:00:00+00:00,-8.1,1010.4,0.0,2.0
2022-12-18 00:00:00+00:00,-8.7,1010.7,0.0,3.6
2022-12-19 00:00:00+00:00,-2.5,1009.9,2.0,1.8
2022-12-20 00:00:00+00:00,-1.5,995.0,0.2,1.1
2022-12-21 00:00:00+00:00,-0.1,993.8,0.9,1.3
2022-12-22 00:00:00+00:00,-3.1,994.6,0.3,2.6
2022-12-23 00:00:00+00:00,-3.7,1001.0,0.0,3.3
2022-12-24 00:00:00+00:00,-3.1,1008.4,2.1,3.4
2022-12-25 00:00:00+00:00,-5.7,1004.4,0.1,3.0
2022-12-26 00:00:00+00:00,0.0,992.5,0.0,2.8
2022-12-27 00:00:00+00:00,4.3,994.6,0.0,5.4
2022-12-28 00:00:00+00:00,-0.2,1001.4,1.6,1.8
2022-12-29 00:00:00+00:00,-3.7,982.6,0.0,3.7
2022-12-30 00:00:00+00:00,3.1,983.7,0.0,3.6
2022-12-31 00:00:00+00:00,4.3,980.6,0.0,5.4
2023-01-01 00:00:00+00:00,0.5,1004.1,4.5,2.9
2023-01-02 00:00:00+00:00,-5.4,1011.0,0.0,2.0
2023-01-03 00:00:00+00:00,-6.4,1017.9,0.1,1.0
2023-01-04 00:00:00+00:00,-6.2,1011.4,0.0,2.6
2023-01-05 00:00:00+00:00,-3.1,1012.7,0.0,4.8
2023-01-06 00:00:00+00:00,-3.0,1006.1,0.0,6.1
2023-01-07 00:00:00+00:00,-2.2,1000.4,0.9,2.9
2023-01-08 00:00:00+00:00,2.5,990.2,3.5,3.6
2023-01-09 00:00:00+00:00,6.1,992.5,0.0,2.6
2023-01-10 00:00:00+00:00,5.5,996.5,0.0,1.8
2023-01-11 00:00:00+00:00,2.5,981.1,0.0,5.5
2023-01-12 00:00:00+00:00,6.2,983.7,0.0,4.7
2023-01-13 00:00:00+00:00,1.8,992.4,0.5,1.9
2023-01-14 00:00:00+00:00,-2.6,996.5,0.2,1.9
2023-01-15 00:00:00+00:00,-0.9,977.3,0.2,2.1
2023-01-16 00:00:00+00:00,-2.1,980.7,0.6,2.3
2023-01-17 00:00:00+00:00,-1.8,985.9,1.6,1.9
2023-01-18 00:00:00+00:00,1.0,986.6,0.0,1.7
2023-01-19 00:00:00+00:00,-2.0,998.0,0.1,3.1
2023-01-20 00:00:00+00:00,-3.6,1015.8,0.0,3.1
2023-01-21 00:00:00+00:00,-1.1,1029.1,0.5,1.6
2023-01-22 00:00:00+00:00,-1.0,1027.2,0.0,1.2
2023-01-23 00:00:00+00:00,-0.4,1024.5,0.0,1.9
2023-01-24 00:00:00+00:00,3.5,1019.7,9.1,2.7
2023-01-25 00:00:00+00:00,6.2,1010.5,3.0,3.6
2023-01-26 00:00:00+00:00,3.7,1026.9,6.4,2.4
2023-01-27 00:00:00+00:00,0.2,1019.9,4.5,2.8
2023-01-28 00:00:00+00:00,1.4,1009.5,3.2,5.1
2023-01-29 00:00:00+00:00,1.4,987.7,11.4,3.9
2023-01-30 00:00:00+00:00,3.1,986.4,21.8,5.0
2023-01-31 00:00:00+00:00,1.2,993.5,10.2,2.2
2023-02-01 00:00:00+00:00,-4.7,998.1,0.5,1.8
2023-02-02 00:00:00+00:00,-7.0,1012.0,1.8,2.6
2023-02-03 00:00:00+00:00,-3.3,1016.8,5.7,1.8
2023-02-04 00:00:00+00:00,-5.9,1028.2,0.0,1.0
2023-02-05 00:00:00+00:00,-2.2,1028.5,0.9,3.0
2023-02-06 00:00:00+00:00,1.7,1029.8,1.5,2.5
2023-02-07 00:00:00+00:00,3.2,1025.7,0.0,2.2
2023-02-08 00:00:00+00:00,3.0,1011.5,0.0,6.1
2023-02-09 00:00:00+00:00,5.9,997.3,1.8,4.9
2023-02-10 00:00:00+00:00,-0.1,1006.8,6.3,4.1
2023-02-11 00:00:00+00:00,-1.9,1015.2,1.7,1.9
2023-02-12 00:00:00+00:00,1.2,1018.3,1.7,5.2
2023-02-13 00:00:00+00:00,6.5,1025.2,23.8,5.0
2023-02-14 00:00:00+00:00,5.7,1027.5,0.1,1.6
2023-02-15 00:00:00+00:00,-0.1,1015.2,0.0,1.4
2023-02-16 00:00:00+00:00,1.4,1003.4,0.0,3.3
2023-02-17 00:00:00+00:00,3.8,992.4,0.0,2.2
2023-02-18 00:00:00+00:00,1.7,1000.3,5.6,4.0
2023-02-19 00:00:00+00:00,-0.7,1005.7,7.4,3.3
2023-02-20 00:00:00+00:00,-1.2,984.2,7.0,3.2
2023-02-21 00:00:00+00:00,0.2,1009.6,8.0,1.4
2023-02-22 00:00:00+00:00,-3.1,1008.3,0.0,1.5
2023-02-23 00:00:00+00:00,0.7,1004.5,6.5,3.6
2023-02-24 00:00:00+00:00,-0.1,1001.9,9.7,1.6
2023-02-25 00:00:00+00:00,-0.7,1015.9,3.9,2.1
2023-02-26 00:00:00+00:00,0.0,1024.6,1.6,3.2
2023-02-27 00:00:00+00:00,2.7,1030.7,3.8,3.8
2023-02-28 00:00:00+00:00,4.2,1032.5,3.6,2.8
2023-03-01 00:00:00+00:00,3.6,1030.7,0.4,3.6
2023-03-02 00:00:00+00:00,3.8,1022.6,3.9,6.4
2023-03-03 00:00:00+00:00,3.4,1014.0,8.0,6.0
2023-03-04 00:00:00+00:00,-1.1,1014.0,10.9,4.3
2023-03-05 00:00:00+00:00,-1.7,1006.4,10.0,2.1
2023-03-06 00:00:00+00:00,-3.3,999.8,2.1,2.2
2023-03-07 00:00:00+00:00,-5.0,992.3,2.1,2.5
2023-03-08 00:00:00+00:00,-6.4,992.3,14.2,2.2
2023-03-09 00:00:00+00:00,-9.3,998.9,1.9,1.8
2023-03-10 00:00:00+00:00,-11.0,996.6,0.0,3.8
2023-03-11 00:00:00+00:00,-4.7,995.0,0.4,3.6
2023-03-12 00:00:00+00:00,-4.1,996.2,8.0,4.0
2023-03-13 00:00:00+00:00,-3.2,978.9,1.8,2.3
2023-03-14 00:00:00+00:00,-0.9,982.1,4.2,3.0
2023-03-15 00:00:00+00:00,-1.2,1001.1,3.9,2.9
2023-03-16 00:00:00+00:00,-1.2,1013.6,1.7,2.8
2023-03-17 00:00:00+00:00,0.6,996.6,0.0,5.7
2023-03-18 00:00:00+00:00,3.5,1006.9,0.0,3.8
2023-03-19 00:00:00+00:00,0.8,1007.3,0.9,2.0
2023-03-20 00:00:00+00:00,2.2,1009.9,0.0,2.8
2023-03-21 00:00:00+00:00,1.1,1007.9,3.1,2.0
2023-03-22 00:00:00+00:00,-0.3,990.3,3.8,2.9
2023-03-23 00:00:00+00:00,-0.3,986.2,7.3,1.0
2023-03-24 00:00:00+00:00,1.0,990.5,0.4,2.4
2023-03-25 00:00:00+00:00,-1.6,998.9,0.0,1.6
2023-03-26 00:00:00+00:00,-4.4,1003.8,0.0,2.9
2023-03-27 00:00:00+00:00,-3.0,1014.5,1.2,1.8
2023-03-28 00:00:00+00:00,-5.6,1017.9,0.0,2.2
2023-03-29 00:00:00+00:00,-5.6,1015.1,0.0,1.7
2023-03-30 00:00:00+00:00,-5.5,1008.4,0.0,2.4
2023-03-31 00:00:00+00:00,-3.6,1010.3,0.0,1.9
2023-04-01 00:00:00+00:00,-2.6,1018.9,0.0,1.9
2023-04-02 00:00:00+00:00,-1.6,1030.6,0.0,1.6
2023-04-03 00:00:00+00:00,1.3,1033.0,0.0,2.3
2023-04-04 00:00:00+00:00,3.7,1028.2,0.0,1.9
2023-04-05 00:00:00+00:00,4.4,1021.9,0.0,2.4
2023-04-06 00:00:00+00:00,7.0,1021.8,0.0,2.8
2023-04-07 00:00:00+00:00,3.0,1026.8,0.0,2.3
2023-04-08 00:00:00+00:00,4.5,1033.6,0.1,1.7
2023-04-09 00:00:00+00:00,3.6,1029.6,0.1,1.8
2023-04-10 00:00:00+00:00,6.0,1016.3,0.0,4.1
2023-04-11 00:00:00+00:00,7.5,1004.5,0.0,4.3
2023-04-12 00:00:00+00:00,8.3,1006.6,0.0,2.7
2023-04-13 00:00:00+00:00,8.6,1012.1,0.0,3.8
2023-04-14 00:00:00+00:00,8.1,1018.2,0.0,3.3
2023-04-15 00:00:00+00:00,5.8,1023.9,0.0,1.7
2023-04-16 00:00:00+00:00,6.1,1028.6,2.4,1.8
2023-04-17 00:00:00+00:00,5.3,1035.4,0.0,1.3
2023-04-18 00:00:00+00:00,6.4,1040.5,0.1,1.4
2023-04-19 00:00:00+00:00,8.0,1039.3,0.1,1.7
2023-04-20 00:00:00+00:00,8.5,1034.0,0.2,1.7
2023-04-21 00:00:00+00:00,9.0,1025.9,0.2,2.1
2023-04-22 00:00:00+00:00,8.1,1016.1,0.1,3.0
2023-04-23 00:00:00+00:00,3.8,1008.4,2.7,3.8
2023-04-24 00:00:00+00:00,0.6,1007.5,11.6,2.2
2023-04-25 00:00:00+00:00,1.2,1006.5,0.5,2.5
2023-04-26 00:00:00+00:00,0.1,1005.6,9.3,1.8
2023-04-27 00:00:00+00:00,1.5,1009.5,4.9,3.3
2023-04-28 00:00:00+00:00,1.7,1015.8,3.6,2.2
2023-04-29 00:00:00+00:00,2.9,1010.2,0.0,1.7
2023-04-30 00:00:00+00:00,1.4,1011.8,7.1,4.4
2023-05-01 00:00:00+00:00,1.7,1010.7,11.2,3.4
2023-05-02 00:00:00+00:00,2.5,1015.8,1.2,3.2
2023-05-03 00:00:00+00:00,4.1,1028.8,1.6,2.0
2023-05-04 00:00:00+00:00,2.0,1033.0,0.3,1.8
2023-05-05 00:00:00+00:00,3.0,1029.2,0.0,1.6
2023-05-06 00:00:00+00:00,5.9,1025.5,0.0,1.7
2023-05-07 00:00:00+00:00,7.0,1026.1,0.0,2.0
2023-05-08 00:00:00+00:00,8.8,1021.3,0.0,2.0
2023-05-09 00:00:00+00:00,12.8,1012.1,0.0,4.0
2023-05-10 00:00:00+00:00,13.3,1011.5,0.0,3.7
2023-05-11 00:00:00+00:00,12.1,1018.9,0.0,1.7
2023-05-12 00:00:00+00:00,12.3,1027.1,0.0,1.2
2023-05-13 00:00:00+00:00,10.5,1026.0,0.0,1.7
2023-05-14 00:00:00+00:00,12.3,1017.8,0.0,2.8
2023-05-15 00:00:00+00:00,16.0,1012.8,0.0,3.0
2023-05-16 00:00:00+00:00,10.0,1010.7,0.2,2.5
2023-05-17 00:00:00+00:00,5.7,1016.0,2.2,5.0
2023-05-18 00:00:00+00:00,4.3,1023.3,5.0,2.0
2023-05-19 00:00:00+00:00,10.6,1026.1,0.1,1.6
2023-05-20 00:00:00+00:00,11.7,1027.3,0.2,1.8
2023-05-21 00:00:00+00:00,12.5,1025.6,0.3,1.4
2023-05-22 00:00:00+00:00,11.7,1020.9,0.3,1.6
2023-05-23 00:00:00+00:00,12.8,1018.3,2.1,2.1
2023-05-24 00:00:00+00:00,8.0,1012.6,4.3,3.4
2023-05-25 00:00:00+00:00,7.8,1016.7,1.1,4.8
2023-05-26 00:00:00+00:00,5.2,1022.5,6.6,3.6
2023-05-27 00:00:00+00:00,6.6,1013.9,4.1,2.4
2023-05-28 00:00:00+00:00,9.3,1015.2,0.8,4.9
2023-05-29 00:00:00+00:00,4.8,1019.6,4.2,3.1
2023-05-30 00:00:00+00:00,7.6,1022.7,1.3,4.5
2023-05-31 00:00:00+00:00,10.0,1021.7,0.6,3.9
2023-06-01 00:00:00+00:00,4.8,1024.4,6.3,3.4
2023-06-02 00:00:00+00:00,5.0,1025.8,0.9,2.7
2023-06-03 00:00:00+00:00,7.7,1022.9,1.2,3.6
2023-06-04 00:00:00+00:00,6.7,1024.5,0.8,2.1
2023-06-05 00:00:00+00:00,9.3,1023.1,0.0,2.4
2023-06-06 00:00:00+00:00,8.7,1022.7,0.6,3.1
2023-06-07 00:00:00+00:00,8.6,1022.9,1.1,2.1
2023-06-08 00:00:00+00:00,8.5,1025.4,0.7,2.6
2023-06-09 00:00:00+00:00,8.8,1022.8,1.2,2.0
2023-06-10 00:00:00+00:00,15.2,1023.6,0.0,1.9
2023-06-11 00:00:00+00:00,17.3,1022.8,0.0,1.7
2023-06-12 00:00:00+00:00,15.6,1021.7,0.0,1.6
2023-06-13 00:00:00+00:00,16.2,1023.2,0.0,1.4
2023-06-14 00:00:00+00:00,15.9,1023.8,0.0,1.6
2023-06-15 00:00:00+00:00,17.5,1023.2,0.0,1.8
2023-06-16 00:00:00+00:00,16.9,1019.3,0.0,2.1
2023-06-17 00:00:00+00:00,16.7,1016.8,0.0,1.8
2023-06-18 00:00:00+00:00,18.2,1016.1,0.0,1.5
2023-06-19 00:00:00+00:00,22.0,1014.6,0.0,2.3
2023-06-20 00:00:00+00:00,21.6,1012.9,0.0,1.8
2023-06-21 00:00:00+00:00,20.6,1009.1,0.0,2.2
2023-06-22 00:00:00+00:00,20.9,1010.4,8.1,2.2
2023-06-23 00:00:00+00:00,15.0,1018.4,4.0,2.5
2023-06-24 00:00:00+00:00,10.7,1020.9,3.2,1.8
2023-06-25 00:00:00+00:00,15.0,1018.1,0.3,2.0
2023-06-26 00:00:00+00:00,19.4,1007.9,0.3,2.1
2023-06-27 00:00:00+00:00,24.2,1010.3,0.3,2.4
2023-06-28 00:00:00+00:00,16.2,1011.8,0.1,2.2
2023-06-29 00:00:00+00:00,18.3,1010.2,0.4,1.8
2023-06-30 00:00:00+00:00,13.0,1003.9,12.4,1.8
2023-07-01 00:00:00+00:00,12.0,998.7,4.2,1.3
2023-07-02 00:00:00+00:00,13.6,990.2,1.2,1.5
2023-07-03 00:00:00+00:00,16.6,988.5,2.9,2.0
2023-07-04 00:00:00+00:00,13.1,997.8,2.8,1.7
2023-07-05 00:00:00+00:00,11.7,1008.8,0.1,2.3
2023-07-06 00:00:00+00:00,15.0,1009.4,0.2,2.0
2023-07-07 00:00:00+00:00,15.4,1017.7,0.3,2.1
2023-07-08 00:00:00+00:00,14.9,1024.3,0.1,1.4
2023-07-09 00:00:00+00:00,15.9,1021.9,0.3,1.9
2023-07-10 00:00:00+00:00,18.4,1014.7,0.2,1.8
2023-07-11 00:00:00+00:00,18.9,1008.4,2.6,2.9
2023-07-12 00:00:00+00:00,19.8,1001.3,0.5,2.5
2023-07-13 00:00:00+00:00,18.3,1001.7,0.5,2.1
2023-07-14 00:00:00+00:00,14.1,1010.3,4.6,2.7
2023-07-15 00:00:00+00:00,12.0,1007.2,0.6,2.6
2023-07-16 00:00:00+00:00,17.7,994.3,1.2,2.5
2023-07-17 00:00:00+00:00,18.4,997.3,0.1,2.1
2023-07-18 00:00:00+00:00,14.2,1004.5,1.4,3.0
2023-07-19 00:00:00+00:00,12.7,1003.2,0.0,1.5
2023-07-20 00:00:00+00:00,12.4,1003.5,0.0,1.9
2023-07-21 00:00:00+00:00,14.2,1004.8,0.0,2.4
2023-07-22 00:00:00+00:00,12.0,1005.6,8.0,2.3
2023-07-23 00:00:00+00:00,12.9,1006.1,0.7,1.6
2023-07-24 00:00:00+00:00,14.1,1001.8,0.0,2.1
2023-07-25 00:00:00+00:00,15.0,997.0,0.6,1.4
2023-07-26 00:00:00+00:00,15.2,998.6,23.8,1.6
2023-07-27 00:00:00+00:00,16.5,1001.2,0.0,1.9
2023-07-28 00:00:00+00:00,15.8,1004.2,1.5,1.8
2023-07-29 00:00:00+00:00,15.0,1003.2,0.0,1.8
2023-07-30 00:00:00+00:00,14.2,999.9,0.0,1.6
2023-07-31 00:00:00+00:00,16.5,1000.9,0.9,1.3
2023-08-01 00:00:00+00:00,15.4,995.7,0.3,1.9
2023-08-02 00:00:00+00:00,16.5,993.9,0.1,1.8
2023-08-03 00:00:00+00:00,16.5,996.8,0.0,2.3
2023-08-04 00:00:00+00:00,15.5,1006.0,0.0,2.4
2023-08-05 00:00:00+00:00,12.7,1011.4,0.5,1.5
2023-08-06 00:00:00+00:00,13.0,1013.5,1.5,1.5
2023-08-07 00:00:00+00:00,13.8,1005.2,5.4,1.7
2023-08-08 00:00:00+00:00,12.2,989.2,37.6,1.7
2023-08-09 00:00:00+00:00,15.9,998.8,9.6,3.2
2023-08-10 00:00:00+00:00,15.7,1012.6,0.0,2.2
2023-08-11 00:00:00+00:00,13.3,1014.7,1.6,1.6
2023-08-12 00:00:00+00:00,13.0,1010.3,2.2,1.4
2023-08-13 00:00:00+00:00,14.3,1008.5,5.0,1.5
2023-08-14 00:00:00+00:00,17.6,1010.5,0.1,1.4
2023-08-15 00:00:00+00:00,15.5,1012.4,3.1,1.3
2023-08-16 00:00:00+00:00,15.9,1016.8,15.6,2.4
2023-08-17 00:00:00+00:00,13.1,1027.5,12.5,1.8
2023-08-18 00:00:00+00:00,12.7,1027.7,0.0,1.6
2023-08-19 00:00:00+00:00,17.5,1022.2,0.0,2.6
2023-08-20 00:00:00+00:00,20.8,1016.1,0.0,1.9
2023-08-21 00:00:00+00:00,16.3,1015.0,11.2,1.6
2023-08-22 00:00:00+00:00,14.5,1014.2,10.8,1.2
2023-08-23 00:00:00+00:00,13.6,1011.5,0.7,1.8
2023-08-24 00:00:00+00:00,14.9,1015.2,13.5,1.5
2023-08-25 00:00:00+00:00,12.9,1011.3,0.1,1.9
2023-08-26 00:00:00+00:00,16.2,1010.5,1.0,2.0
2023-08-27 00:00:00+00:00,15.9,1002.6,2.1,2.9
2023-08-28 00:00:00+00:00,15.5,1003.0,0.7,1.9
2023-08-29 00:00:00+00:00,13.0,1006.2,0.8,1.5
2023-08-30 00:00:00+00:00,13.0,1006.3,0.1,1.3
2023-08-31 00:00:00+00:00,12.9,1009.1,0.0,1.4
2023-09-01 00:00:00+00:00,12.8,1013.2,0.0,1.7
2023-09-02 00:00:00+00:00,12.0,1017.4,0.0,1.7
2023-09-03 00:00:00+00:00,11.8,1013.5,0.0,1.5
2023-09-04 00:00:00+00:00,12.2,1014.1,5.0,2.6
2023-09-05 00:00:00+00:00,12.2,1018.8,11.6,2.7
2023-09-06 00:00:00+00:00,10.1,1024.7,1.1,1.7
2023-09-07 00:00:00+00:00,11.0,1022.4,0.0,1.0
2023-09-08 00:00:00+00:00,13.7,1017.7,0.0,1.2
2023-09-09 00:00:00+00:00,14.7,1011.6,0.4,0.9
2023-09-10 00:00:00+00:00,17.2,1013.9,4.5,1.2
2023-09-11 00:00:00+00:00,12.0,1004.0,1.2,1.4
2023-09-12 00:00:00+00:00,13.7,1008.4,8.7,2.0
2023-09-13 00:00:00+00:00,10.4,1019.4,6.5,3.0
2023-09-14 00:00:00+00:00,6.7,1018.2,0.5,1.7
2023-09-15 00:00:00+00:00,10.5,1013.8,0.1,1.8
2023-09-16 00:00:00+00:00,12.1,1017.9,0.1,2.2
2023-09-17 00:00:00+00:00,8.8,1020.9,0.7,1.9
2023-09-18 00:00:00+00:00,9.0,1006.8,0.0,1.9
2023-09-19 00:00:00+00:00,13.9,986.1,0.0,3.1
2023-09-20 00:00:00+00:00,10.5,988.7,27.7,3.0
2023-09-21 00:00:00+00:00,11.2,992.1,1.9,1.5
2023-09-22 00:00:00+00:00,12.3,995.5,10.5,1.5
2023-09-23 00:00:00+00:00,11.1,1000.6,6.9,1.1
2023-09-24 00:00:00+00:00,10.3,1012.5,3.2,2.1
2023-09-25 00:00:00+00:00,10.3,1007.3,4.5,2.4
2023-09-26 00:00:00+00:00,14.8,1014.9,2.4,1.9
2023-09-27 00:00:00+00:00,14.6,1012.8,0.0,2.4
2023-09-28 00:00:00+00:00,10.5,1007.4,8.3,2.5
2023-09-29 00:00:00+00:00,14.1,1003.3,0.0,2.0
2023-09-30 00:00:00+00:00,11.0,1005.9,16.0,2.2
2023-10-01 00:00:00+00:00,10.2,1013.3,21.3,1.5
2023-10-02 00:00:00+00:00,8.7,1007.8,2.0,1.7
2023-10-03 00:00:00+00:00,9.7,999.7,0.3,1.7
2023-10-04 00:00:00+00:00,8.7,1002.1,0.8,2.6
2023-10-05 00:00:00+00:00,6.3,1012.5,8.9,1.3
2023-10-06 00:00:00+00:00,5.6,1002.3,0.0,2.0
2023-10-07 00:00:00+00:00,5.0,1012.2,5.2,3.2
2023-10-08 00:00:00+00:00,3.2,1020.4,9.3,3.4
2023-10-09 00:00:00+00:00,3.8,1012.5,3.1,4.0
2023-10-10 00:00:00+00:00,6.2,997.5,1.6,2.5
2023-10-11 00:00:00+00:00,8.4,980.9,12.8,2.0
2023-10-12 00:00:00+00:00,5.9,991.4,3.6,3.7
2023-10-13 00:00:00+00:00,6.0,988.5,4.5,2.4
2023-10-14 00:00:00+00:00,7.0,976.8,3.4,2.7
2023-10-15 00:00:00+00:00,5.5,1000.3,8.0,3.7
2023-10-16 00:00:00+00:00,3.5,1008.9,11.2,2.8
2023-10-17 00:00:00+00:00,3.9,1007.4,20.7,3.5
2023-10-18 00:00:00+00:00,5.9,1020.0,7.9,1.8
2023-10-19 00:00:00+00:00,2.1,1022.0,0.0,2.2
2023-10-20 00:00:00+00:00,0.2,1024.0,0.0,1.9
2023-10-21 00:00:00+00:00,-0.5,1017.6,0.0,2.4
2023-10-22 00:00:00+00:00,2.2,1006.8,0.0,2.3
2023-10-23 00:00:00+00:00,4.8,1010.9,0.1,0.6
2023-10-24 00:00:00+00:00,5.2,1015.1,0.2,1.5
2023-10-25 00:00:00+00:00,4.6,1011.0,0.0,1.2
2023-10-26 00:00:00+00:00,2.8,1007.2,0.0,0.8
2023-10-27 00:00:00+00:00,0.3,1006.7,0.0,1.4
2023-10-28 00:00:00+00:00,-1.3,1007.8,0.0,1.5
2023-10-29 00:00:00+00:00,-3.1,1006.1,0.0,2.0
2023-10-30 00:00:00+00:00,-3.0,1005.6,0.0,1.4
2023-10-31 00:00:00+00:00,-5.2,1009.9,0.0,1.7
2023-11-01 00:00:00+00:00,-3.5,1005.3,0.0,2.3
2023-11-02 00:00:00+00:00,-1.5,997.9,0.0,2.4
2023-11-03 00:00:00+00:00,2.4,995.8,0.4,3.2
2023-11-04 00:00:00+00:00,0.9,986.0,1.4,2.5
2023-11-05 00:00:00+00:00,2.8,983.1,0.0,0.7
2023-11-06 00:00:00+00:00,3.0,991.3,1.0,0.9
2023-11-07 00:00:00+00:00,2.0,999.4,0.0,0.8
2023-11-08 00:00:00+00:00,2.4,1001.9,0.0,0.9
2023-11-09 00:00:00+00:00,0.9,999.0,0.0,1.4
2023-11-10 00:00:00+00:00,3.6,1001.2,0.0,3.2
2023-11-11 00:00:00+00:00,1.6,1008.0,0.0,2.7
2023-11-12 00:00:00+00:00,-0.2,1010.9,0.0,1.7
2023-11-13 00:00:00+00:00,-2.5,1008.6,0.0,0.9
2023-11-14 00:00:00+00:00,-3.9,1007.2,0.0,1.9
2023-11-15 00:00:00+00:00,-3.7,1014.8,0.0,0.9
2023-11-16 00:00:00+00:00,-7.6,1017.7,0.0,1.3
2023-11-17 00:00:00+00:00,-6.2,1021.5,0.0,1.7
2023-11-18 00:00:00+00:00,-5.5,1021.0,0.0,0.7
2023-11-19 00:00:00+00:00,-6.1,1009.6,0.0,1.3
2023-11-20 00:00:00+00:00,-8.1,1016.4,0.0,1.1
2023-11-21 00:00:00+00:00,-11.0,1023.2,0.0,1.3
2023-11-22 00:00:00+00:00,-7.2,995.5,0.7,4.1
2023-11-23 00:00:00+00:00,2.3,982.6,24.4,3.0
2023-11-24 00:00:00+00:00,-0.4,995.7,7.2,2.3
2023-11-25 00:00:00+00:00,-0.1,1010.8,4.6,1.5
2023-11-26 00:00:00+00:00,-4.3,1013.7,0.5,1.1
2023-11-27 00:00:00+00:00,-8.8,1020.5,0.0,1.7
2023-11-28 00:00:00+00:00,-11.0,1018.1,0.0,2.3
2023-11-29 00:00:00+00:00,-11.1,1014.6,0.6,1.2
2023-11-30 00:00:00+00:00,-7.8,1013.6,0.0,1.5
2023-12-01 00:00:00+00:00,-9.9,1013.7,0.0,1.4
2023-12-02 00:00:00+00:00,-9.4,1015.0,0.0,1.3
2023-12-03 00:00:00+00:00,-12.2,1018.6,0.0,1.3
2023-12-04 00:00:00+00:00,-12.4,1018.8,0.0,2.2
2023-12-05 00:00:00+00:00,-11.0,1018.2,0.1,2.3
2023-12-06 00:00:00+00:00,-9.4,1021.0,0.0,2.1
2023-12-07 00:00:00+00:00,-10.0,1023.7,0.0,0.9
2023-12-08 00:00:00+00:00,-11.4,1019.2,0.0,1.0
2023-12-09 00:00:00+00:00,-6.1,1009.9,0.0,2.3
2023-12-10 00:00:00+00:00,-0.1,1006.6,0.0,2.2
2023-12-11 00:00:00+00:00,-1.4,1008.1,0.0,1.1
2023-12-12 00:00:00+00:00,-5.6,1011.8,0.0,0.7
2023-12-13 00:00:00+00:00,-8.6,1013.1,0.0,0.7
2023-12-14 00:00:00+00:00,-9.8,1012.6,0.0,1.0
2023-12-15 00:00:00+00:00,-8.2,1012.3,0.1,2.4
2023-12-16 00:00:00+00:00,1.2,1002.5,16.9,3.9
2023-12-17 00:00:00+00:00,4.0,1004.9,10.4,3.3
2023-12-18 00:00:00+00:00,2.7,999.8,2.8,3.7
2023-12-19 00:00:00+00:00,4.7,990.7,4.0,6.4
2023-12-20 00:00:00+00:00,-0.6,988.6,5.2,1.5
2023-12-21 00:00:00+00:00,-4.7,972.8,0.0,1.8
2023-12-22 00:00:00+00:00,-3.1,983.7,2.6,2.5
2023-12-23 00:00:00+00:00,-3.0,992.6,9.0,1.6
2023-12-24 00:00:00+00:00,-4.1,983.7,0.9,1.5
2023-12-25 00:00:00+00:00,-5.8,981.1,0.0,1.8
2023-12-26 00:00:00+00:00,-1.9,993.2,0.1,2.6
2023-12-27 00:00:00+00:00,-0.2,1012.2,7.9,3.1
2023-12-28 00:00:00+00:00,-3.4,995.2,1.1,2.2
2023-12-29 00:00:00+00:00,-3.0,988.7,0.0,2.5
2023-12-30 00:00:00+00:00,-3.0,1001.5,0.0,1.3
2023-12-31 00:00:00+00:00,-3.0,1010.1,0.0,2.2
2024-01-01 00:00:00+00:00,-3.8,1012.6,0.0,2.4
2024-01-02 00:00:00+00:00,-5.4,1012.6,0.0,3.8
2024-01-03 00:00:00+00:00,-9.0,1009.2,0.0,2.3
2024-01-04 00:00:00+00:00,-10.3,1010.2,0.0,1.5
2024-01-05 00:00:00+00:00,-12.3,1013.5,0.0,1.5
2024-01-06 00:00:00+00:00,-8.5,1022.2,0.5,1.6
2024-01-07 00:00:00+00:00,-9.2,1031.7,0.0,2.9
2024-01-08 00:00:00+00:00,-6.4,1035.5,0.0,3.2
2024-01-09 00:00:00+00:00,2.3,1036.0,4.6,4.3
2024-01-10 00:00:00+00:00,3.4,1033.0,1.8,4.8
2024-01-11 00:00:00+00:00,4.5,1030.5,5.2,3.9
2024-01-12 00:00:00+00:00,3.7,1018.3,0.9,5.1
2024-01-13 00:00:00+00:00,3.3,997.3,3.7,2.8
2024-01-14 00:00:00+00:00,1.8,992.6,14.1,2.5
2024-01-15 00:00:00+00:00,-4.2,995.9,7.2,1.8
2024-01-16 00:00:00+00:00,-10.2,990.9,0.0,3.1
2024-01-17 00:00:00+00:00,-10.1,986.2,0.0,1.2
2024-01-18 00:00:00+00:00,-14.2,988.4,0.0,1.3
2024-01-19 00:00:00+00:00,-12.7,996.8,0.0,1.0
2024-01-20 00:00:00+00:00,-10.6,1007.3,0.0,1.8
2024-01-21 00:00:00+00:00,-5.6,993.7,0.0,3.7
2024-01-22 00:00:00+00:00,2.6,965.5,0.0,4.0
2024-01-23 00:00:00+00:00,4.9,988.9,2.1,2.9
2024-01-24 00:00:00+00:00,2.8,985.4,2.8,2.2
2024-01-25 00:00:00+00:00,2.5,1013.2,8.8,2.1
2024-01-26 00:00:00+00:00,2.4,1000.8,0.2,4.5
2024-01-27 00:00:00+00:00,3.5,1006.6,1.4,3.5
2024-01-28 00:00:00+00:00,4.0,1004.8,2.2,3.9
2024-01-29 00:00:00+00:00,7.6,1010.4,0.8,6.1
2024-01-30 00:00:00+00:00,4.0,1018.4,0.0,2.7
2024-01-31 00:00:00+00:00,-1.5,992.2,0.0,5.7
2024-02-01 00:00:00+00:00,3.8,993.5,4.0,7.6
2024-02-02 00:00:00+00:00,0.8,990.8,6.9,4.6
2024-02-03 00:00:00+00:00,3.8,983.3,27.1,9.0
2024-02-04 00:00:00+00:00,0.4,986.9,8.8,3.7
2024-02-05 00:00:00+00:00,-2.2,995.9,3.5,2.7
2024-02-06 00:00:00+00:00,-3.9,995.7,0.5,1.3
2024-02-07 00:00:00+00:00,-7.7,995.1,0.0,2.8
2024-02-08 00:00:00+00:00,-10.3,996.8,0.0,3.7
2024-02-09 00:00:00+00:00,-6.8,1004.3,0.0,2.5
2024-02-10 00:00:00+00:00,-8.5,1007.9,0.0,1.9
2024-02-11 00:00:00+00:00,-8.3,1004.6,0.0,2.2
2024-02-12 00:00:00+00:00,-3.7,1005.2,0.0,2.8
2024-02-13 00:00:00+00:00,-2.3,1004.7,0.0,2.1
2024-02-14 00:00:00+00:00,-4.1,1006.3,0.0,1.2
2024-02-15 00:00:00+00:00,-1.5,1012.8,0.5,1.6
2024-02-16 00:00:00+00:00,0.7,1006.2,0.0,1.9
2024-02-17 00:00:00+00:00,0.9,1023.5,1.0,2.5
2024-02-18 00:00:00+00:00,-1.7,1021.2,4.9,1.1
2024-02-19 00:00:00+00:00,-5.3,1013.9,0.0,0.7
2024-02-20 00:00:00+00:00,-3.9,1006.2,0.7,1.2
2024-02-21 00:00:00+00:00,1.4,998.7,1.6,2.1
2024-02-22 00:00:00+00:00,4.0,981.7,0.0,4.4
2024-02-23 00:00:00+00:00,6.1,971.0,0.0,3.9
2024-02-24 00:00:00+00:00,5.1,988.0,0.5,4.4
2024-02-25 00:00:00+00:00,5.0,996.3,0.0,3.3
2024-02-26 00:00:00+00:00,3.8,1010.8,1.2,2.5
2024-02-27 00:00:00+00:00,0.5,1005.2,0.0,2.3
2024-02-28 00:00:00+00:00,2.7,1001.0,0.0,3.4
2024-02-29 00:00:00+00:00,5.6,994.0,0.0,6.3
2024-03-01 00:00:00+00:00,7.5,1001.0,0.0,4.5
2024-03-02 00:00:00+00:00,6.8,1010.7,0.0,2.1
2024-03-03 00:00:00+00:00,6.4,1016.3,0.0,1.6
2024-03-04 00:00:00+00:00,6.6,1022.3,0.0,2.1
2024-03-05 00:00:00+00:00,5.7,1028.7,0.0,1.8
2024-03-06 00:00:00+00:00,2.5,1030.7,0.0,1.3
2024-03-07 00:00:00+00:00,1.2,1033.2,0.0,1.8
2024-03-08 00:00:00+00:00,1.5,1027.8,0.0,1.5
2024-03-09 00:00:00+00:00,0.4,1020.9,0.0,2.4
2024-03-10 00:00:00+00:00,0.4,1020.6,0.0,2.0
2024-03-11 00:00:00+00:00,-1.4,1019.2,0.0,2.1
2024-03-12 00:00:00+00:00,-1.2,1014.5,0.0,0.9
2024-03-13 00:00:00+00:00,-0.5,1000.7,0.0,2.4
2024-03-14 00:00:00+00:00,4.2,988.2,1.7,4.3
2024-03-15 00:00:00+00:00,6.6,998.7,0.0,4.2
2024-03-16 00:00:00+00:00,2.5,1014.4,0.2,2.5
2024-03-17 00:00:00+00:00,-1.4,1021.1,0.0,2.3
2024-03-18 00:00:00+00:00,2.5,1015.6,0.0,2.8
2024-03-19 00:00:00+00:00,4.3,1010.4,0.0,3.1
2024-03-20 00:00:00+00:00,6.1,1014.9,0.3,2.3
2024-03-21 00:00:00+00:00,4.0,1008.4,0.5,3.2
2024-03-22 00:00:00+00:00,5.3,991.5,2.0,2.4
2024-03-23 00:00:00+00:00,3.8,990.4,0.0,1.8
2024-03-24 00:00:00+00:00,2.8,999.9,0.0,1.6
2024-03-25 00:00:00+00:00,0.8,1003.8,0.7,1.4
2024-03-26 00:00:00+00:00,-1.5,1001.7,0.0,1.6
2024-03-27 00:00:00+00:00,1.0,994.7,0.0,2.2
2024-03-28 00:00:00+00:00,5.4,991.9,0.0,1.6
2024-03-29 00:00:00+00:00,6.9,988.5,2.9,2.0
2024-03-30 00:00:00+00:00,4.5,997.7,0.6,1.5
2024-03-31 00:00:00+00:00,6.7,1001.0,0.0,1.6
2024-04-01 00:00:00+00:00,4.1,1006.7,10.0,1.8
2024-04-02 00:00:00+00:00,2.7,1012.5,1.8,2.9
2024-04-03 00:00:00+00:00,-2.0,1015.4,3.0,3.0
2024-04-04 00:00:00+00:00,-3.8,1009.8,0.0,3.5
2024-04-05 00:00:00+00:00,-1.7,1004.6,0.0,2.6
2024-04-06 00:00:00+00:00,0.4,1004.9,0.0,2.6
2024-04-07 00:00:00+00:00,5.4,992.2,0.9,2.5
2024-04-08 00:00:00+00:00,6.5,1000.1,1.8,1.7
2024-04-09 00:00:00+00:00,7.9,1004.3,0.0,1.8
2024-04-10 00:00:00+00:00,9.6,1000.0,8.8,3.9
2024-04-11 00:00:00+00:00,4.6,1006.4,9.1,2.6
2024-04-12 00:00:00+00:00,5.8,1008.6,10.6,2.3
2024-04-13 00:00:00+00:00,9.1,1001.0,0.9,2.6
2024-04-14 00:00:00+00:00,7.6,999.8,0.2,3.1
2024-04-15 00:00:00+00:00,1.9,1005.3,3.9,2.2
2024-04-16 00:00:00+00:00,1.7,1006.3,0.5,1.5
2024-04-17 00:00:00+00:00,3.3,1013.3,0.0,1.9
2024-04-18 00:00:00+00:00,3.1,1012.1,1.6,2.3
2024-04-19 00:00:00+00:00,4.1,1008.5,0.0,2.8
2024-04-20 00:00:00+00:00,4.0,1020.0,0.0,2.0
2024-04-21 00:00:00+00:00,3.6,1031.6,0.3,1.9
2024-04-22 00:00:00+00:00,3.9,1025.0,0.0,1.9
2024-04-23 00:00:00+00:00,4.1,1015.7,0.9,2.9
2024-04-24 00:00:00+00:00,3.2,1011.0,0.9,2.0
2024-04-25 00:00:00+00:00,1.9,1006.1,0.7,1.9
2024-04-26 00:00:00+00:00,5.5,1009.6,0.0,2.3
2024-04-27 00:00:00+00:00,6.0,1014.7,0.0,1.4
2024-04-28 00:00:00+00:00,4.8,1016.2,0.0,2.4
2024-04-29 00:00:00+00:00,8.4,1012.7,0.1,2.7
2024-04-30 00:00:00+00:00,7.2,1024.1,4.8,1.5
2024-05-01 00:00:00+00:00,10.9,1024.3,0.0,2.1
2024-05-02 00:00:00+00:00,13.8,1021.4,0.0,1.5
2024-05-03 00:00:00+00:00,13.8,1018.3,0.0,1.4
2024-05-04 00:00:00+00:00,13.4,1014.3,0.0,1.9
2024-05-05 00:00:00+00:00,13.4,1009.1,0.0,2.1
2024-05-06 00:00:00+00:00,12.3,1011.1,0.0,2.8
2024-05-07 00:00:00+00:00,10.2,1019.8,0.0,1.4
2024-05-08 00:00:00+00:00,8.2,1023.6,5.4,1.9
2024-05-09 00:00:00+00:00,8.5,1017.0,0.1,2.4
2024-05-10 00:00:00+00:00,5.8,1024.0,4.4,1.9
2024-05-11 00:00:00+00:00,7.8,1023.3,0.0,1.2
2024-05-12 00:00:00+00:00,9.9,1021.6,3.7,2.1
2024-05-13 00:00:00+00:00,14.8,1016.5,0.0,1.5
2024-05-14 00:00:00+00:00,17.6,1013.7,0.1,2.0
2024-05-15 00:00:00+00:00,18.4,1016.8,0.0,1.8
2024-05-16 00:00:00+00:00,16.7,1018.9,0.0,1.6
2024-05-17 00:00:00+00:00,19.7,1017.1,0.0,2.5
2024-05-18 00:00:00+00:00,17.7,1014.1,0.0,2.4
2024-05-19 00:00:00+00:00,12.9,1017.7,2.4,3.1
2024-05-20 00:00:00+00:00,6.5,1021.4,0.1,2.0
2024-05-21 00:00:00+00:00,10.5,1020.3,0.0,1.4
2024-05-22 00:00:00+00:00,16.8,1017.7,0.1,2.2
2024-05-23 00:00:00+00:00,21.6,1016.6,0.0,3.3
2024-05-24 00:00:00+00:00,21.5,1019.3,0.0,2.1
2024-05-25 00:00:00+00:00,18.8,1022.7,0.0,2.3
2024-05-26 00:00:00+00:00,21.6,1020.1,0.0,2.5
2024-05-27 00:00:00+00:00,22.2,1013.0,0.6,3.1
2024-05-28 00:00:00+00:00,20.4,1012.6,0.1,2.3
2024-05-29 00:00:00+00:00,17.1,1008.0,0.0,2.9
2024-05-30 00:00:00+00:00,16.3,1010.6,0.1,1.5
2024-05-31 00:00:00+00:00,16.7,1017.5,0.2,2.2
2024-06-01 00:00:00+00:00,13.0,1022.1,0.0,1.7
2024-06-02 00:00:00+00:00,12.5,1016.5,0.0,1.7
2024-06-03 00:00:00+00:00,13.0,1005.3,3.1,1.7
2024-06-04 00:00:00+00:00,8.9,999.2,11.8,3.4
2024-06-05 00:00:00+00:00,15.3,997.2,1.2,2.3
2024-06-06 00:00:00+00:00,6.1,1004.2,24.5,1.8
2024-06-07 00:00:00+00:00,9.7,1007.0,4.8,2.1
2024-06-08 00:00:00+00:00,11.8,1000.1,0.0,2.1
2024-06-09 00:00:00+00:00,13.0,990.4,2.2,3.4
2024-06-10 00:00:00+00:00,11.5,996.4,2.1,2.7
2024-06-11 00:00:00+00:00,8.2,1006.2,35.2,3.1
2024-06-12 00:00:00+00:00,8.8,1009.9,0.1,2.5
2024-06-13 00:00:00+00:00,10.9,1008.9,0.0,2.4
2024-06-14 00:00:00+00:00,15.0,1009.4,4.0,2.0
2024-06-15 00:00:00+00:00,15.1,1007.3,0.1,2.2
2024-06-16 00:00:00+00:00,17.6,1005.4,0.1,2.1
2024-06-17 00:00:00+00:00,16.1,1008.2,0.1,2.2
2024-06-18 00:00:00+00:00,16.8,1006.4,0.0,2.3
2024-06-19 00:00:00+00:00,14.2,1010.7,0.1,3.5
2024-06-20 00:00:00+00:00,9.7,1008.5,0.7,3.4
2024-06-21 00:00:00+00:00,10.6,1014.0,3.5,1.9
2024-06-22 00:00:00+00:00,11.9,1008.8,0.8,1.7
2024-06-23 00:00:00+00:00,17.4,1010.5,1.3,2.0
2024-06-24 00:00:00+00:00,12.8,1017.0,0.4,2.0
2024-06-25 00:00:00+00:00,14.9,1016.3,0.0,2.0
2024-06-26 00:00:00+00:00,16.5,1017.7,3.6,1.7
2024-06-27 00:00:00+00:00,15.1,1007.7,0.3,2.5
2024-06-28 00:00:00+00:00,24.9,1000.1,0.0,2.3
2024-06-29 00:00:00+00:00,15.3,1003.7,9.5,2.2
2024-06-30 00:00:00+00:00,12.0,1005.0,9.1,1.5
2024-07-01 00:00:00+00:00,13.1,1003.0,8.4,2.1
2024-07-02 00:00:00+00:00,9.7,1002.9,3.9,2.1
2024-07-03 00:00:00+00:00,10.5,1000.5,2.0,2.0
2024-07-04 00:00:00+00:00,12.4,993.2,0.0,2.1
2024-07-05 00:00:00+00:00,16.4,991.8,0.6,1.6
2024-07-06 00:00:00+00:00,11.1,995.7,7.5,1.8
2024-07-07 00:00:00+00:00,12.4,995.1,3.0,2.2
2024-07-08 00:00:00+00:00,12.1,1011.0,11.2,1.7
2024-07-09 00:00:00+00:00,12.9,1020.7,3.7,1.4
2024-07-10 00:00:00+00:00,12.8,1017.1,7.1,1.8
2024-07-11 00:00:00+00:00,15.0,1011.8,6.3,2.3
2024-07-12 00:00:00+00:00,15.3,1016.6,0.1,1.6
2024-07-13 00:00:00+00:00,15.2,1015.8,0.0,1.6
2024-07-14 00:00:00+00:00,18.4,1010.7,0.1,2.1
2024-07-15 00:00:00+00:00,18.6,1006.6,3.0,2.6
2024-07-16 00:00:00+00:00,19.2,1010.5,0.0,1.8
2024-07-17 00:00:00+00:00,19.7,1012.0,1.1,2.3
2024-07-18 00:00:00+00:00,16.1,1018.0,13.0,2.4
2024-07-19 00:00:00+00:00,12.6,1019.5,5.4,1.5
2024-07-20 00:00:00+00:00,15.5,1013.7,0.0,1.6
2024-07-21 00:00:00+00:00,20.2,1006.9,0.0,3.3
2024-07-22 00:00:00+00:00,22.8,1010.1,1.1,1.7
2024-07-23 00:00:00+00:00,14.1,1014.9,35.5,1.9
2024-07-24 00:00:00+00:00,12.9,1017.4,5.3,1.2
2024-07-25 00:00:00+00:00,13.6,1008.8,0.0,1.5
2024-07-26 00:00:00+00:00,15.9,1003.3,0.0,2.3
2024-07-27 00:00:00+00:00,17.1,1010.4,2.0,2.0
2024-07-28 00:00:00+00:00,14.9,1017.8,0.1,2.4
2024-07-29 00:00:00+00:00,13.6,1020.9,1.9,1.7
2024-07-30 00:00:00+00:00,13.6,1012.8,0.0,2.0
2024-07-31 00:00:00+00:00,15.7,1013.5,17.1,2.7
2024-08-01 00:00:00+00:00,12.9,1014.9,1.3,1.7
2024-08-02 00:00:00+00:00,12.9,1013.5,0.0,1.8
2024-08-03 00:00:00+00:00,13.8,1006.8,0.0,1.7
2024-08-04 00:00:00+00:00,18.4,1007.2,0.2,1.6
2024-08-05 00:00:00+00:00,18.0,1010.2,0.9,1.9
2024-08-06 00:00:00+00:00,19.9,1008.7,0.0,1.5
2024-08-07 00:00:00+00:00,22.2,1005.4,0.0,3.6
2024-08-08 00:00:00+00:00,20.7,1003.7,1.2,2.0
2024-08-09 00:00:00+00:00,15.6,998.0,0.0,2.1
2024-08-10 00:00:00+00:00,15.1,996.9,22.9,2.6
2024-08-11 00:00:00+00:00,14.5,1008.7,15.5,5.8
2024-08-12 00:00:00+00:00,11.0,1016.6,3.8,3.2
2024-08-13 00:00:00+00:00,12.2,1010.8,0.0,1.8
2024-08-14 00:00:00+00:00,19.6,1009.6,0.0,2.6
2024-08-15 00:00:00+00:00,17.1,1002.5,1.3,1.1
2024-08-16 00:00:00+00:00,14.8,1003.2,5.1,2.4
2024-08-17 00:00:00+00:00,13.5,1002.3,0.1,1.6
2024-08-18 00:00:00+00:00,12.6,1002.2,2.9,1.7
2024-08-19 00:00:00+00:00,10.7,1007.7,12.0,2.3
2024-08-20 00:00:00+00:00,13.2,1002.8,0.3,3.8
2024-08-21 00:00:00+00:00,17.0,1001.9,6.5,1.7
2024-08-22 00:00:00+00:00,11.6,993.3,8.8,2.3
2024-08-23 00:00:00+00:00,14.3,990.7,3.2,2.2
2024-08-24 00:00:00+00:00,12.4,998.0,14.8,2.3
2024-08-25 00:00:00+00:00,14.6,997.2,0.0,1.5
2024-08-26 00:00:00+00:00,13.2,1003.7,2.1,3.5
2024-08-27 00:00:00+00:00,11.9,1013.8,0.7,2.6
2024-08-28 00:00:00+00:00,14.9,1014.9,0.9,2.0
2024-08-29 00:00:00+00:00,17.5,1011.0,0.0,3.1
2024-08-30 00:00:00+00:00,16.8,1014.1,2.3,1.7
2024-08-31 00:00:00+00:00,11.9,1027.4,5.4,2.5
2024-09-01 00:00:00+00:00,10.7,1028.3,0.8,1.7
2024-09-02 00:00:00+00:00,10.3,1018.9,0.0,2.0
2024-09-03 00:00:00+00:00,15.6,1012.9,0.0,3.5
2024-09-04 00:00:00+00:00,16.3,1020.6,4.4,1.5
2024-09-05 00:00:00+00:00,17.1,1027.8,0.0,1.1
2024-09-06 00:00:00+00:00,17.4,1024.1,0.0,0.9
2024-09-07 00:00:00+00:00,18.6,1019.4,0.0,1.7
2024-09-08 00:00:00+00:00,17.6,1009.9,0.0,2.1
2024-09-09 00:00:00+00:00,20.3,997.1,0.8,2.4
2024-09-10 00:00:00+00:00,14.9,991.5,43.7,2.7
2024-09-11 00:00:00+00:00,10.0,986.3,10.4,3.9
2024-09-12 00:00:00+00:00,13.1,998.7,0.0,3.6
2024-09-13 00:00:00+00:00,9.2,1017.8,3.8,1.9
2024-09-14 00:00:00+00:00,7.5,1023.3,0.0,1.8
2024-09-15 00:00:00+00:00,9.3,1018.1,0.0,1.2
2024-09-16 00:00:00+00:00,13.1,1024.6,0.0,1.2
2024-09-17 00:00:00+00:00,11.6,1029.7,0.8,1.3
2024-09-18 00:00:00+00:00,12.4,1033.8,0.0,1.7
2024-09-19 00:00:00+00:00,12.9,1032.1,0.0,1.4
2024-09-20 00:00:00+00:00,13.1,1032.3,0.0,1.4
2024-09-21 00:00:00+00:00,10.6,1031.1,0.0,1.5
2024-09-22 00:00:00+00:00,7.5,1020.6,0.0,1.1
2024-09-23 00:00:00+00:00,7.0,1008.8,1.7,1.2
2024-09-24 00:00:00+00:00,7.6,1003.2,0.7,1.8
2024-09-25 00:00:00+00:00,6.8,992.4,6.4,2.7
2024-09-26 00:00:00+00:00,6.0,994.9,22.1,2.4
2024-09-27 00:00:00+00:00,7.1,994.0,9.5,1.8
2024-09-28 00:00:00+00:00,5.0,1001.3,0.4,3.3
2024-09-29 00:00:00+00:00,3.2,1017.2,12.4,3.6
2024-09-30 00:00:00+00:00,2.4,1020.8,2.5,1.2
2024-10-01 00:00:00+00:00,8.1,1023.5,0.8,1.9
2024-10-02 00:00:00+00:00,7.5,1021.9,0.3,2.5
2024-10-03 00:00:00+00:00,7.7,1021.8,2.3,3.0
2024-10-04 00:00:00+00:00,8.4,1019.5,0.7,1.6
2024-10-05 00:00:00+00:00,6.7,1013.4,8.7,1.2
2024-10-06 00:00:00+00:00,6.4,1009.4,14.3,1.4
2024-10-07 00:00:00+00:00,5.1,1007.5,2.3,2.3
2024-10-08 00:00:00+00:00,7.2,1001.4,1.0,1.4
2024-10-09 00:00:00+00:00,9.0,991.3,1.7,1.9
2024-10-10 00:00:00+00:00,7.2,993.5,7.6,2.1
2024-10-11 00:00:00+00:00,3.2,997.9,3.2,2.8
2024-10-12 00:00:00+00:00,2.5,1004.8,0.5,3.6
2024-10-13 00:00:00+00:00,6.0,1004.9,0.0,3.4
2024-10-14 00:00:00+00:00,7.2,1015.2,1.0,2.1
2024-10-15 00:00:00+00:00,1.7,1018.4,2.7,1.1
2024-10-16 00:00:00+00:00,3.2,1016.9,0.3,1.1
2024-10-17 00:00:00+00:00,8.0,1007.9,0.0,3.7
2024-10-18 00:00:00+00:00,12.5,1011.0,0.0,1.2
2024-10-19 00:00:00+00:00,10.2,1011.1,0.0,3.1
2024-10-20 00:00:00+00:00,13.9,1005.9,5.6,2.2
2024-10-21 00:00:00+00:00,12.8,993.5,0.5,5.1
2024-10-22 00:00:00+00:00,11.5,1003.8,0.2,2.5
2024-10-23 00:00:00+00:00,7.5,1010.9,6.7,4.0
2024-10-24 00:00:00+00:00,9.3,1014.9,20.2,1.4
2024-10-25 00:00:00+00:00,8.8,1014.5,0.0,1.5
2024-10-26 00:00:00+00:00,5.2,1011.0,0.1,1.4
2024-10-27 00:00:00+00:00,9.2,1001.2,0.0,4.1
2024-10-28 00:00:00+00:00,5.1,1012.0,3.0,3.5
2024-10-29 00:00:00+00:00,2.2,1009.1,1.8,4.3
2024-10-30 00:00:00+00:00,4.3,1009.6,14.9,4.2
2024-10-31 00:00:00+00:00,3.6,1002.1,19.1,1.4
2024-11-01 00:00:00+00:00,1.4,1001.9,15.0,6.1
2024-11-02 00:00:00+00:00,1.5,1021.1,10.7,3.5
2024-11-03 00:00:00+00:00,2.7,1015.5,11.3,3.7
2024-11-04 00:00:00+00:00,4.7,1024.5,3.9,2.8
2024-11-05 00:00:00+00:00,8.2,1023.7,1.5,2.1
2024-11-06 00:00:00+00:00,7.5,1025.8,0.0,2.8
2024-11-07 00:00:00+00:00,5.2,1029.9,0.0,2.0
2024-11-08 00:00:00+00:00,5.8,1030.1,0.0,1.8
2024-11-09 00:00:00+00:00,5.0,1030.6,0.0,1.7
2024-11-10 00:00:00+00:00,4.9,1025.5,0.0,0.9
2024-11-11 00:00:00+00:00,-0.1,1024.9,0.0,1.9
2024-11-12 00:00:00+00:00,4.1,1029.5,0.6,2.9
2024-11-13 00:00:00+00:00,6.8,1017.6,3.0,4.6
2024-11-14 00:00:00+00:00,6.3,1014.6,3.9,5.1
2024-11-15 00:00:00+00:00,7.1,999.2,7.0,3.2
2024-11-16 00:00:00+00:00,8.5,979.3,4.1,5.4
2024-11-17 00:00:00+00:00,2.1,984.1,9.1,4.0
2024-11-18 00:00:00+00:00,2.8,991.8,10.1,3.1
2024-11-19 00:00:00+00:00,0.8,996.6,15.9,2.0
2024-11-20 00:00:00+00:00,-1.5,998.9,0.2,0.9
2024-11-21 00:00:00+00:00,-5.6,996.9,0.0,2.0
2024-11-22 00:00:00+00:00,-8.3,988.7,0.0,2.6
2024-11-23 00:00:00+00:00,-2.6,998.8,2.8,2.9
2024-11-24 00:00:00+00:00,-1.4,991.8,1.8,3.7
2024-11-25 00:00:00+00:00,2.6,981.8,4.5,3.1
2024-11-26 00:00:00+00:00,5.8,998.1,0.0,1.3
2024-11-27 00:00:00+00:00,1.8,1017.0,0.8,1.2
2024-11-28 00:00:00+00:00,-3.8,1022.6,0.0,2.5
2024-11-29 00:00:00+00:00,-1.9,1017.7,0.0,2.4
2024-11-30 00:00:00+00:00,1.4,1008.3,6.9,1.5
2024-12-01 00:00:00+00:00,4.6,999.2,8.1,4.0
2024-12-02 00:00:00+00:00,9.5,1005.3,0.6,2.3
2024-12-03 00:00:00+00:00,-0.9,1020.4,6.4,2.7
2024-12-04 00:00:00+00:00,-5.3,1021.7,0.1,2.6
2024-12-05 00:00:00+00:00,-1.5,1007.0,0.0,5.5
2024-12-06 00:00:00+00:00,2.2,1001.9,0.0,4.3
2024-12-07 00:00:00+00:00,3.7,1008.6,0.3,1.3
2024-12-08 00:00:00+00:00,2.0,1029.3,0.1,2.1
2024-12-09 00:00:00+00:00,2.3,1039.1,0.0,2.9
2024-12-10 00:00:00+00:00,-2.1,1031.8,0.0,3.3
2024-12-11 00:00:00+00:00,3.2,1032.4,5.6,2.2
2024-12-12 00:00:00+00:00,1.4,1030.1,0.6,1.2
2024-12-13 00:00:00+00:00,1.3,1014.1,1.6,2.9
2024-12-14 00:00:00+00:00,3.3,998.4,6.9,2.9
2024-12-15 00:00:00+00:00,1.1,989.7,3.4,3.7
2024-12-16 00:00:00+00:00,1.7,988.4,24.1,8.9
2024-12-17 00:00:00+00:00,2.0,1004.6,9.0,4.6
2024-12-18 00:00:00+00:00,1.5,984.9,3.5,2.2
2024-12-19 00:00:00+00:00,4.4,974.4,2.3,3.0
2024-12-20 00:00:00+00:00,2.0,994.6,12.1,2.6
2024-12-21 00:00:00+00:00,-1.7,986.8,0.7,1.7
2024-12-22 00:00:00+00:00,-2.2,978.7,0.0,1.5
2024-12-23 00:00:00+00:00,-1.1,1004.0,1.6,2.0
2024-12-24 00:00:00+00:00,0.1,1005.5,0.6,1.9
2024-12-25 00:00:00+00:00,3.3,1010.0,2.8,2.1
2024-12-26 00:00:00+00:00,6.1,1020.9,21.6,4.0
2024-12-27 00:00:00+00:00,3.8,1025.8,0.8,3.0
2024-12-28 00:00:00+00:00,2.0,1013.3,0.0,2.8
2024-12-29 00:00:00+00:00,2.2,996.0,0.8,4.8
2024-12-30 00:00:00+00:00,0.1,1003.4,16.6,3.4
2024-12-31 00:00:00+00:00,-3.3,1005.8,8.3,2.7
2025-01-01 00:00:00+00:00,-7.6,995.8,0.2,3.0
2025-01-02 00:00:00+00:00,-8.0,993.6,6.2,4.2
2025-01-03 00:00:00+00:00,-5.5,995.8,14.9,4.4
2025-01-04 00:00:00+00:00,-4.5,1001.0,7.1,3.9
2025-01-05 00:00:00+00:00,-2.6,1001.2,4.4,3.0
2025-01-06 00:00:00+00:00,-8.1,997.3,0.0,2.0
2025-01-07 00:00:00+00:00,-7.3,986.7,0.0,4.7
2025-01-08 00:00:00+00:00,-6.9,989.5,0.0,1.4
2025-01-09 00:00:00+00:00,-9.3,1001.2,0.0,0.9
2025-01-10 00:00:00+00:00,-4.8,1016.9,0.0,2.2
2025-01-11 00:00:00+00:00,-2.2,1026.2,0.0,2.6
2025-01-12 00:00:00+00:00,-2.2,1030.8,0.0,3.3
2025-01-13 00:00:00+00:00,-2.2,1008.7,0.0,3.6
2025-01-14 00:00:00+00:00,6.5,1010.8,2.5,3.1
2025-01-15 00:00:00+00:00,4.9,1013.7,4.5,2.5
2025-01-16 00:00:00+00:00,7.9,1014.9,4.2,3.7
2025-01-17 00:00:00+00:00,6.9,1012.6,2.7,5.1
2025-01-18 00:00:00+00:00,5.3,1020.9,0.0,2.5
2025-01-19 00:00:00+00:00,2.4,1019.6,0.0,2.6
2025-01-20 00:00:00+00:00,4.3,1016.3,0.0,1.8
2025-01-21 00:00:00+00:00,0.5,1010.1,0.0,0.9
2025-01-22 00:00:00+00:00,-0.2,1007.0,0.0,1.6
2025-01-23 00:00:00+00:00,-2.2,1001.5,0.0,1.7
2025-01-24 00:00:00+00:00,-4.3,987.6,0.0,1.9
2025-01-25 00:00:00+00:00,1.4,972.7,0.0,5.7
2025-01-26 00:00:00+00:00,5.9,990.8,0.0,5.7
2025-01-27 00:00:00+00:00,3.6,990.5,0.0,3.9
2025-01-28 00:00:00+00:00,2.3,994.4,0.0,2.1
2025-01-29 00:00:00+00:00,0.4,1001.4,0.0,1.2
2025-01-30 00:00:00+00:00,0.8,1004.9,0.0,2.2
2025-01-31 00:00:00+00:00,1.1,1019.9,0.3,2.4
2025-02-01 00:00:00+00:00,-0.1,1029.0,2.5,1.7
2025-02-02 00:00:00+00:00,-3.0,1022.4,0.0,1.8
2025-02-03 00:00:00+00:00,-1.0,1017.0,0.1,1.7
2025-02-04 00:00:00+00:00,0.3,1007.1,3.1,1.7
2025-02-05 00:00:00+00:00,2.4,1015.2,10.6,3.4
2025-02-06 00:00:00+00:00,2.8,1038.5,3.3,2.9
2025-02-07 00:00:00+00:00,2.9,1043.8,0.0,1.3
2025-02-08 00:00:00+00:00,0.5,1035.9,0.0,3.8
2025-02-09 00:00:00+00:00,-0.3,1039.5,1.0,3.2
2025-02-10 00:00:00+00:00,2.1,1044.4,0.0,2.7
2025-02-11 00:00:00+00:00,0.6,1040.8,0.0,1.6
2025-02-12 00:00:00+00:00,-2.5,1034.6,0.0,1.6
2025-02-13 00:00:00+00:00,-0.9,1031.2,0.0,2.0
2025-02-14 00:00:00+00:00,-3.3,1027.2,0.0,2.3
2025-02-15 00:00:00+00:00,-3.1,1032.3,0.8,2.7
2025-02-16 00:00:00+00:00,-7.8,1026.3,0.0,3.3
2025-02-17 00:00:00+00:00,-2.3,1022.8,8.0,2.4
2025-02-18 00:00:00+00:00,-0.1,1026.6,5.1,2.2
2025-02-19 00:00:00+00:00,-1.2,1026.1,8.4,1.7
2025-02-20 00:00:00+00:00,-6.1,1013.1,0.0,1.7
2025-02-21 00:00:00+00:00,0.8,1004.3,1.1,3.7
2025-02-22 00:00:00+00:00,7.3,1002.3,0.0,4.2
2025-02-23 00:00:00+00:00,7.6,1008.4,0.0,2.6
2025-02-24 00:00:00+00:00,6.9,998.7,0.2,5.8
2025-02-25 00:00:00+00:00,8.0,1000.2,0.1,2.4
2025-02-26 00:00:00+00:00,5.7,1005.2,0.0,1.7
2025-02-27 00:00:00+00:00,3.5,1012.5,0.0,1.8
2025-02-28 00:00:00+00:00,2.8,1019.1,0.0,3.3
2025-03-01 00:00:00+00:00,2.9,1016.9,4.8,3.5
2025-03-02 00:00:00+00:00,3.7,1007.1,15.6,4.8
2025-03-03 00:00:00+00:00,5.2,999.5,19.8,5.5
2025-03-04 00:00:00+00:00,2.7,996.3,13.8,3.6
2025-03-05 00:00:00+00:00,1.8,989.3,17.2,3.7
2025-03-06 00:00:00+00:00,4.8,995.6,36.5,7.2
2025-03-07 00:00:00+00:00,4.9,1003.7,0.3,3.4
2025-03-08 00:00:00+00:00,5.8,1016.5,0.0,3.8
2025-03-09 00:00:00+00:00,3.5,1013.5,0.6,2.9
2025-03-10 00:00:00+00:00,1.8,1012.6,1.0,2.0
2025-03-11 00:00:00+00:00,-0.3,1004.2,0.0,1.6
2025-03-12 00:00:00+00:00,-0.9,1003.2,0.0,1.6
2025-03-13 00:00:00+00:00,-1.2,1001.4,0.1,2.0
2025-03-14 00:00:00+00:00,-0.1,1007.9,3.8,2.7
2025-03-15 00:00:00+00:00,0.0,1006.7,1.1,6.0
2025-03-16 00:00:00+00:00,1.2,1022.3,6.6,3.4
2025-03-17 00:00:00+00:00,-0.9,1022.3,6.3,4.7
2025-03-18 00:00:00+00:00,3.5,1018.1,5.8,6.4
